iso_code,continent,location,date,total_cases,total_deaths,total_cases_per_million,gdp_per_capita,cvd_death_rate,diabetes_prevalence,medical_doctors,ghs_score,health_expenditure_5y_avg,GDP per capita growth (annual %),"GNI, Atlas method (current US$)",Population density (people per sq. km of land area),"Population, total",Surface area (sq. km),Proportion of seats held by women in national parliaments (%),"International tourism, expenditures (% of total imports)","International tourism, receipts (% of total exports)",imports,lockdown_date,lockdown_type,household_avg_people,smokers_percentage,wage_and_salaried_workers_percentage_employed
ABW,North America,Aruba,2020-06-23,101.0,3.0,945.994,35973.781,,11.62,,,,,,588.027777777778,105845.0,180.0,,15.952799872418199,79.60967013355929,2189385474.8603396,,,2.89,,
AFG,Asia,Afghanistan,2020-06-23,29143.0,598.0,748.632,1803.987,597.029,9.59,2.78,32.3,10.235867053270347,-1.35017833585495,20316592975.0527,56.937760009803,37172386.0,652860.0,27.7,2.8307157244166805,3.10661959202303,7233182126.38915,24/03/2020,Full,8.04,,14.011595087051381
AGO,Africa,Angola,2020-06-23,183.0,9.0,5.568,5819.495,276.045,3.94,2.15,25.2,2.655480094254014,-5.28777959390334,103839890559.318,24.713052057431607,30809762.0,1246700.0,30.5,2.94352197094216,1.3457717330498,25887360494.1475,24/03/2020,Full,4.82,,29.691163864135735
AIA,North America,Anguilla,2020-06-23,3.0,0.0,199.973,,,,,,,,,,,,,,,,,,,,
ALB,Europe,Albania,2020-06-23,1995.0,44.0,693.238,11803.431,304.195,10.08,12.16,52.9,,4.4025148702460495,13933199599.7948,104.61226277372299,2866376.0,28750.0,27.9,25.5314674703334,48.1951679829468,6908299985.070661,08/03/2020,Full,3.3,29.3705,43.92888944625854
AND,Europe,Andorra,2020-06-23,855.0,52.0,11065.812,,109.135,7.97,33.33,30.5,10.2571928501129,1.6227466770119,,163.842553191489,77006.0,470.0,32.1,,,,16/03/2020,Full,,33.444,
ARE,Asia,United Arab Emirates,2020-06-23,45303.0,303.0,4580.502,67293.483,317.84,17.26,25.28,46.7,3.50889950990677,0.20793637115994604,393687216384.538,135.609110109828,9630959.0,83600.0,22.5,,,288397549353.302,24/03/2020,Full,,19.481,96.11809417724614
ARG,South America,Argentina,2020-06-23,44918.0,1043.0,993.854,18933.907,191.032,5.5,39.9,58.6,8.41735973954201,-3.46737624314432,551170581779.708,16.2585100979651,44494502.0,2780400.0,38.9,15.093929189435999,7.810454221768791,67914684752.606,20/03/2020,Full,3.26,22.0075,74.83730895996095
ARM,Asia,Armenia,2020-06-23,20588.0,360.0,6947.814,8787.58,341.01,7.11,44.02,50.2,10.186804085969909,4.95169918007964,12474731643.2005,103.68022479803301,2951776.0,29740.0,18.1,21.933781319288997,26.317195576268606,7234272552.6808405,24/03/2020,Full,3.54,27.053,59.95963012695316
ATG,North America,Antigua and Barbuda,2020-06-23,26.0,3.0,265.501,21490.943,191.511,13.17,29.56,29.0,4.85242560505867,6.430026467107201,1530376688.8429198,218.83181818181802,96286.0,440.0,11.1,10.134036918054,84.3106823458553,686701666.666667,,None,,,
AUS,Oceania,Australia,2020-06-23,7474.0,102.0,293.099,44648.71,107.791,5.07,36.78,75.5,9.102673083543776,1.3711444953559595,1330436971362.72,3.24787091037205,24982688.0,7741220.0,28.7,13.6525023236232,14.4597046066668,300194535831.784,24/03/2020,Full,2.5,14.767499999999998,83.79563652038573
AUT,Europe,Austria,2020-06-23,17320.0,690.0,1923.077,45436.686,145.183,6.35,51.7,58.5,10.367483645677561,1.92211865205813,436266719832.367,107.127966860564,8840521.0,83879.00390625,34.4,6.0114230086145914,10.0119483521856,232097459615.294,16/03/2020,Full,2.27,29.6625,88.1387781906128
AZE,Asia,Azerbaijan,2020-06-23,13207.0,161.0,1302.571,15847.419,559.812,7.11,34.46,34.2,6.110159382224082,0.5378178996669191,40259865257.7429,120.234667956937,9939800.0,86600.0,16.8,13.8546875412132,11.104800950759303,17712411764.7059,02/03/2020,Full,4.55,21.610999999999997,31.69112909317017
BDI,Africa,Burundi,2020-06-23,144.0,1.0,12.11,702.225,293.068,6.05,1.0,22.8,7.324026525020602,-1.55740735383216,3136470012.17088,435.17827102803705,11175378.0,27830.0,36.4,2.54060975902162,1.3679147957593605,985821794.293151,,,4.83,,5.468555015325542
BEL,Europe,Belgium,2020-06-23,60550.0,9696.0,5224.504,42658.576,114.898,4.29,30.71,61.0,10.34148216247558,0.9428452679370452,524407874219.178,377.58441215323603,11433256.0,30530.0,38.0,4.637166279472161,2.31501757164638,431968942359.215,17/03/2020,Full,2.32,28.2815,86.1630702209473
BEN,Africa,Benin,2020-06-23,807.0,13.0,66.567,2064.236,235.848,0.99,0.79,28.8,3.8236450403928735,3.818777310836,13735899664.4805,101.853919829727,11485048.0,114760.0,7.2,,,4900152309.4410715,,None,5.19,6.5085,10.765610353946686
BES,North America,Bonaire Sint Eustatius and Saba,2020-06-23,7.0,0.0,266.962,,,,,,,,,,,,,,,,,,,,
BFA,Africa,Burkina Faso,2020-06-23,907.0,53.0,43.39,1703.102,269.048,2.42,0.85,30.1,6.326977238059041,3.81291202224394,13256859813.9411,72.1912828947368,19751535.0,274220.0,11.0,,,5109802104.75653,21/03/2020,Full,5.92,12.8615,12.409960446357738
BGD,Asia,Bangladesh,2020-06-23,115786.0,1502.0,703.057,3523.984000000001,298.003,8.38,5.81,35.0,2.4097004160285005,6.73701752220683,282036256832.374,1239.57931166936,161356039.0,147630.0,20.3,1.84356842877916,0.8082625792002891,64859332297.6434,19/03/2020,Full,4.47,23.068500000000004,37.61692529678345
BGR,Europe,Bulgaria,2020-06-23,3984.0,207.0,573.366,18563.307,424.6880000000001,5.81,40.33,45.6,8.179084956645966,3.82817987786268,62262010776.1635,64.7110998526161,7025037.0,111000.0,23.8,5.41494713377715,11.672969963045599,40857638809.3875,13/03/2020,Full,2.34,37.3215,88.52555084228516
BHR,Asia,Bahrain,2020-06-23,22407.0,65.0,13168.326,43290.705,151.689,16.52,9.26,39.4,4.659791961312296,-3.11062510562859,34361641288.613,2017.27369979138,1569439.0,778.000030517578,7.5,14.7975308883519,12.7386670908223,27048670212.766003,25/02/2020,Full,,21.858999999999998,97.10143283843993
BHS,North America,Bahamas,2020-06-23,104.0,11.0,264.464,27717.847,235.954,13.17,20.07,30.6,5.892165005207059,0.544150188792798,11771631209.2318,38.5254745254745,385640.0,13880.0,12.8,10.4405650141285,77.246799590927,5127600000.0,20/03/2020,Full,3.4,11.8365,86.11732036590574
BIH,Europe,Bosnia and Herzegovina,2020-06-23,3524.0,170.0,1074.123,11713.895,329.635,10.08,21.62,42.8,9.292226433753967,4.48391430484476,19077996552.0445,64.92048828125,3323929.0,51210.0,21.4,3.17729110607052,12.7259930289803,11172268902.7531,11/03/2020,Full,,39.0375,78.68941661834718
BLR,Europe,Belarus,2020-06-23,59023.0,351.0,6246.269,17167.967,443.129,5.18,51.91,35.3,5.797037780284881,3.3097921066474103,54079877293.493,46.719503788420404,9483499.0,207600.0,34.5,2.80366823339873,2.88872380393586,42210058322.9754,,None,2.43,28.478,95.81748600006107
BLZ,North America,Belize,2020-06-23,23.0,2.0,57.844,7824.361999999999,176.957,17.11,11.23,31.8,5.802941843867301,1.07136952894078,1713221353.46156,16.7939938623411,383071.0,22970.0,9.4,4.43403657873265,45.20635650653689,1090322900.0,30/03/2020,Full,,,67.06780132293702
BMU,North America,Bermuda,2020-06-23,146.0,9.0,2344.515,50669.315,139.547,13.0,,,,,,1184.68516426289,63973.0,4290.0,,16.0281381701015,36.9476958882668,1649401000.0,,,2.26,,
BOL,South America,Bolivia,2020-06-23,25493.0,820.0,2183.923,6885.8290000000015,204.299,6.89,15.9,35.8,6.322618722915652,2.7521559420484,38203746852.0562,10.4801458506416,11353142.0,1098580.0,53.1,8.68694235813675,9.368913980167509,12853418089.725,12/03/2020,Full,3.53,,31.11124007225036
BRA,South America,Brazil,2020-06-23,1106470.0,51271.0,5205.462,14103.452,177.96099999999996,8.11,21.64,59.7,8.783406764268875,0.526155826049262,1902286218698.39,25.061716243087602,209469333.0,8515770.0,10.7,8.62714428399348,2.29983252453008,269601911015.338,,None,3.31,14.038999999999998,67.93170372009281
BRB,North America,Barbados,2020-06-23,97.0,7.0,337.543,16978.068,170.05,13.57,24.84,31.9,7.060834467411044,-0.640057735871636,4417327947.2144785,666.606976744186,286641.0,430.0,20.0,,,2171296150.0,28/03/2020,Full,,8.263,83.34109992980957
BRN,Asia,Brunei,2020-06-23,141.0,3.0,322.298,71809.25099999999,201.285,12.79,16.09,32.6,2.224253155291082,-0.99478850862225,12722801416.9809,81.39696394686909,428962.0,5770.0,9.1,10.2962198251364,2.6985038850586496,6810627548.95356,,None,,16.5945,91.16853706359862
BTN,Asia,Bhutan,2020-06-23,69.0,0.0,89.42299999999999,8708.597,217.066,9.75,4.24,40.3,3.4846045076847063,1.82227316600887,2239474150.18651,19.7775277714448,754394.0,38393.9990234375,8.5,6.2653099337660185,15.5411911787977,1367485007.2014,06/03/2020,Full,,,26.225734462738053
BWA,Africa,Botswana,2020-06-23,89.0,1.0,37.846,15807.374,237.372,4.81,5.27,31.1,5.8487419039010975,2.18307407293796,17468902503.5229,3.9774248760432704,2254126.0,581730.0,9.5,3.681548740744,7.8366555775719,7432125624.076091,02/04/2020,Full,3.52,20.1935,71.21556243896484
CAF,Africa,Central African Republic,2020-06-23,2963.0,30.0,613.488,661.24,435.727,6.1,0.72,27.3,5.221772640943526,2.22474284797838,2296440918.7681108,7.4904122122700585,4666377.0,622980.0,8.6,,,1054197551.84661,,None,4.91,,7.157189952135076
CAN,North America,Canada,2020-06-23,101637.0,8436.0,2692.93,44017.59099999999,105.599,7.37,23.11,75.3,10.420859754085539,0.482418663130375,1665565135891.87,4.07518823864492,37057765.0,9984670.0,27.0,5.748451006283998,3.99272696039482,578789449519.366,12/03/2020,Full,2.45,14.323,84.7878554916382
CHE,Europe,Switzerland,2020-06-23,31310.0,1680.0,3617.722,57410.166,99.739,5.59,42.96,67.0,11.852029412984841,2.00960569244847,718905345464.828,215.437463043118,8513227.0,41290.400390625,32.5,5.436047516233129,4.38504393766401,375480873839.652,18/03/2020,Full,2.24,25.7815,85.37412719726566
CHL,South America,Chile,2020-06-23,246963.0,4502.0,12919.036,22767.037,127.993,8.46,25.91,58.3,8.211135417222978,2.5876764943491297,274752205940.077,25.189446066651893,18729160.0,756700.0,22.6,3.62835496442146,4.633421786005769,80635442457.6638,26/03/2020,Full,3.57,37.8865,73.08633373260498
CHN,Asia,China,2020-06-23,84624.0,4639.0,58.794,15308.712,261.899,9.74,19.8,48.2,4.901009276509286,6.08224115521752,13181372605622.5,148.348833270666,1392730000.0,9562910.0,24.9,10.8847797754834,1.52341960462756,2476286917545.57,23/01/2020,Full,3.38,25.3825,52.712965545654285
CIV,Africa,Cote d'Ivoire,2020-06-23,7492.0,54.0,284.022,3601.006,303.74,2.42,2.31,35.5,4.741506129503252,4.72569209854963,40218176717.5251,78.8340534591195,25069229.0,322460.0,10.6,,,12984694262.4392,29/03/2020,Full,5.09,,25.560455522537197
CMR,Africa,Cameroon,2020-06-23,11892.0,303.0,447.979,3364.926,244.661,7.2,0.88,34.4,4.617345705628396,1.37919198196641,36356256723.8828,53.3439889149796,25216237.0,475440.0,31.1,10.863748398997,8.66995237929682,9301226636.81003,,None,4.99,,22.742989988327018
COD,Africa,Democratic Republic of Congo,2020-06-23,5925.0,135.0,66.156,808.133,318.949,6.1,0.74,26.5,3.870529532432556,2.39991066397216,41538869211.4581,37.0825923557045,84068091.0,2344860.0,8.9,0.646996731516002,0.376205306165348,16666815693.8015,19/03/2020,Full,5.3,,18.091924867630013
COG,Africa,Congo,2020-06-23,1087.0,37.0,196.988,4881.406,344.094,7.2,1.65,23.6,2.965693213045596,-1.5492440284501,8613989208.89088,15.3568462664715,5244363.0,342000.0,11.3,,,3765904294.67957,,None,4.31,27.253,22.640964984893795
COL,South America,Colombia,2020-06-23,71183.0,2310.0,1398.958,13254.949,124.24,7.44,21.85,44.2,7.229332476854322,1.02471485612077,306905190832.81,44.7487021180712,49648685.0,1141748.984375,18.1,8.92578599998057,12.232457450062402,71886451618.9838,25/03/2020,Full,3.53,9.144,48.93066020965576
COM,Africa,Comoros,2020-06-23,247.0,5.0,284.04,1413.89,261.516,11.88,2.72,27.2,7.5995607674121874,1.14050990405651,1145390532.21578,447.24447754022697,832322.0,1861.00006103516,6.1,12.836934747755802,50.435115974049104,351750711.97989,,,5.37,14.096,29.496595802307148
CPV,Africa,Cape Verde,2020-06-23,944.0,8.0,1697.878,6222.554,182.219,2.42,7.81,29.3,5.08890338242054,3.86593584728266,1859911111.20433,134.92977667493798,543767.0,4030.0,23.6,7.256545194715461,54.09647196779739,1295138220.9488401,,None,,9.372,59.90796714782712
CRI,North America,Costa Rica,2020-06-23,2277.0,12.0,446.986,15524.995,137.97299999999998,8.78,28.94,45.1,7.6870398223400125,1.61806178494115,57572716407.2607,97.91306306306309,4999441.0,51100.0,45.6,5.8792643364262105,19.4270741209992,19981384409.4599,15/03/2020,Full,3.46,11.954999999999998,75.2766925430298
CUB,North America,Cuba,2020-06-23,2315.0,85.0,204.386,,190.968,8.27,84.22,35.2,11.86306431889536,2.2585896849249,,108.99959623149401,11338138.0,109880.0,53.2,,,12596000000.0,,None,3.14,35.381,75.70205806732179
CUW,North America,Curacao,2020-06-23,23.0,1.0,140.158,,,11.62,,,,-1.93654693751401,,,159800.0,,,18.9290316969616,31.4946546770122,2695027932.96089,,,,,
CYM,North America,Cayman Islands,2020-06-23,195.0,1.0,2967.133,49903.029,,13.22,,,,,,267.391666666667,64174.0,260.0,,,,,,,,,
CYP,Europe,Cyprus,2020-06-23,988.0,19.0,1127.984,32415.132,141.171,9.24,19.51,43.0,6.792625486850739,2.79853064701692,24858679564.5598,128.708333333333,1189265.0,9250.0,17.9,8.61809977457805,18.9232403187276,17568118213.3662,25/03/2020,Full,2.76,36.3155,86.9344359588623
CZE,Europe,Czech Republic,2020-06-23,10561.0,336.0,986.182,32605.906000000006,227.485,6.82,41.21,52.0,7.416695058345796,2.6140406798801203,215038293241.315,137.657705257705,10629928.0,78870.0,22.0,3.44128525812406,4.328961271728431,171040783176.531,16/03/2020,Full,2.4,34.439,83.4677341461182
DEU,Europe,Germany,2020-06-23,190862.0,8895.0,2278.026,45229.245,156.139,8.31,42.49,66.0,11.071575433015822,1.2227872325513502,3905321667025.8,237.30759674834,82905782.0,357580.0,30.7,6.38584147088565,3.21061326385825,1581726804917.64,20/03/2020,Full,2.05,30.674500000000002,90.2440724563599
DJI,Africa,Djibouti,2020-06-23,4599.0,48.0,4654.849,2705.406,258.03700000000003,6.05,2.24,23.2,3.9383959025144577,3.82998551984062,3063660865.49052,41.368421052631604,958920.0,23200.0,26.2,0.5323502546798771,1.2493790129821398,4764117191.0871,,None,,13.214,51.27018440246584
DMA,North America,Dominica,2020-06-23,18.0,0.0,250.031,9673.367,227.376,11.62,11.19,24.0,5.451088473200798,2.02613137595806,508130318.140223,95.5,71625.0,750.0,25.0,6.95363495546831,68.538006850991,525825851.851852,,None,,,
DNK,Europe,Denmark,2020-06-23,12527.0,602.0,2162.735,46682.515,114.767,6.41,40.1,70.4,10.171633064746858,1.88489021571982,348630649463.169,137.976565849012,5793636.0,42920.0,37.4,5.9414777290166,4.5977543727180805,171026740124.825,11/03/2020,Full,,19.0475,92.04695602416992
DOM,North America,Dominican Republic,2020-06-23,27370.0,669.0,2523.068,14600.861,266.653,8.2,15.27,38.3,5.9653552621603,5.83455956557802,82507627531.8255,219.97857586421,10627165.0,48670.0,26.8,4.05381363470776,37.446079329625505,26048691000.4698,17/03/2020,Full,3.48,13.853,58.476405696868866
DZA,Africa,Algeria,2020-06-23,11920.0,852.0,271.829,13913.839,278.36400000000003,6.73,17.19,23.6,6.507923826575278,-0.615183264336011,,17.7300750711665,42228429.0,2381740.0,25.8,,,50103392341.2584,24/03/2020,Full,,15.6985,70.85905464172363
ECU,South America,Ecuador,2020-06-23,50640.0,4223.0,2870.25,10581.936000000003,140.44799999999998,5.55,20.37,50.1,8.46459120512009,-0.39708990280324497,104382965825.259,68.7886817522951,17084357.0,256370.0,38.0,3.9674322770849297,7.40118490055641,25086092000.0,24/03/2020,Partial,3.78,7.2015,48.725764331817615
EGY,Africa,Egypt,2020-06-23,56809.0,2278.0,555.131,10550.206,525.432,17.31,4.52,39.9,5.066630691289903,3.19443129839827,275406313177.971,98.8734692852479,98423595.0,1001450.0,14.9,3.79545671908511,24.6108510877487,73678496915.6918,24/03/2020,Full,4.13,25.3995,66.76601421356202
ERI,Africa,Eritrea,2020-06-23,143.0,0.0,40.322,1510.4589999999996,311.11,6.05,0.63,22.4,2.8592041134834285,,,,,117600.0,22.0,,,603784852.03252,,None,,5.856000000000001,12.621525094509147
ESH,Africa,Western Sahara,2020-06-23,25.0,1.0,41.853,,,,,,,,,,,,,,,,,,,,
ESP,Europe,Spain,2020-06-22,246504.0,28324.0,5272.273,34272.36,99.403,7.17,38.72,65.9,8.999511450529097,1.90635198039159,1370987721910.85,93.6747673244434,46796540.0,505935.0,39.1,5.798681209314902,16.3031973538393,446769962643.137,14/03/2020,Full,2.69,29.419999999999998,84.35397827148434
EST,Europe,Estonia,2020-06-23,1981.0,69.0,1493.36,29481.252,255.569,4.02,44.83,57.0,6.2891294062137595,4.39718239266693,27929605146.9101,30.411249137336107,1321977.0,45340.0,26.7,7.59774586816587,10.222800351730198,21525548281.2517,13/03/2020,Full,2.3,31.973999999999997,89.3749634552002
ETH,Africa,Ethiopia,2020-06-23,4663.0,75.0,40.561,1729.927,182.634,7.47,0.77,40.6,3.8814739882946014,4.0480702388884,86692450686.6425,109.224559,109224559.0,1104300.0,38.8,3.0744322898584,46.5352282793683,20015260506.4655,16/03/2020,Full,4.61,4.490500000000001,13.035210227966322
FIN,Europe,Finland,2020-06-23,7144.0,327.0,1289.364,40585.721,153.507,5.76,38.12,68.7,9.301035404205322,1.53667022502736,266399244032.195,18.1485472672831,5515525.0,338450.0,42.0,6.65791433871501,5.32031132660423,106134019850.98,27/03/2020,Full,2.07,20.4715,86.90270187377931
FJI,Oceania,Fiji,2020-06-23,18.0,0.0,20.079,8702.975,412.82,14.49,8.6,25.7,3.5440714657306662,2.82031929190161,5178577295.282411,48.3570333880679,883483.0,18270.0,16.0,5.16959434299447,51.3240042282022,,20/03/2020,Full,4.57,22.622999999999998,54.25396348953249
FLK,South America,Falkland Islands,2020-06-23,13.0,0.0,3732.415,,,,,,,,,,,,,,,,,,,,
FRA,Europe,France,2020-06-23,160750.0,29663.0,2462.714,38605.671,86.06,4.77,32.67,68.2,11.4515496790409,1.5548311382972602,2752034676297.63,122.31988259783701,66977107.0,549086.9921875,39.6,6.18840249891611,8.077529005657789,889359807466.665,16/03/2020,Full,2.22,32.8775,88.41675659179685
FRO,Europe,Faeroe Islands,2020-06-23,187.0,0.0,3826.87,,,,,,,,,34.7399698278226,48497.0,1396.00006103516,,,,1268924924.56784,,,,,
GAB,Africa,Gabon,2020-06-23,4739.0,39.0,2129.1910000000007,16562.413,259.967,7.2,6.82,20.0,2.7839146926999083,-1.75503918821659,14464235141.8192,8.224764233321691,2119275.0,267670.0,17.1,,,3591606369.22673,,None,4.1,,64.73617282867431
GBR,Europe,United Kingdom,2020-06-23,305289.0,42647.0,4497.083,39753.244,122.137,4.28,28.12,77.9,9.708006083965305,0.773205672143604,2777405852071.53,274.70898193692403,66460344.0,243610.0,32.2,7.52607101184695,5.53975504904809,924788464106.909,18/03/2020,Full,2.35,22.3735,85.09872047424317
GEO,Asia,Georgia,2020-06-23,911.0,14.0,228.368,9745.079,496.218,7.11,71.2,52.0,8.157981485128401,4.840918286597192,16570957084.5388,65.2752020714511,3726549.0,69700.0,16.0,8.91481277731131,39.5431186389124,11155423867.1445,22/03/2020,Partial,3.34,30.651,48.672948684692386
GGY,Europe,Guernsey,2020-06-23,252.0,13.0,3758.277,,,,,,,,,,,,,,,,,,,,
GHA,Africa,Ghana,2020-06-23,14154.0,85.0,455.509,4227.63,298.245,4.97,1.36,35.5,4.013823196291924,3.95866714679696,63356193050.1889,130.821429199262,29767108.0,238540.0,12.7,5.723535956998591,4.423765369745361,23713149959.7501,15/03/2020,Full,3.49,4.037,24.882935028076197
GIB,Europe,Gibraltar,2020-06-23,176.0,0.0,5223.947,,,,,,,,,3371.8,33718.0,10.0,,,,,,,,,
GIN,Africa,Guinea,2020-06-23,4988.0,27.0,379.8130000000001,1998.926,336.717,2.42,0.83,32.7,4.7029611468315125,3.19829412987171,10587615429.2448,50.5222122741332,12414318.0,245860.0,21.9,9.93625035529261,0.188629788318182,9030209352.563429,,None,6.25,,9.05376472830771
GMB,Africa,Gambia,2020-06-23,41.0,2.0,16.965999999999998,1561.767,331.43,1.91,1.02,34.2,3.3717564120888706,3.45318886171901,1616308775.08728,225.30652173912998,2280102.0,11300.0,10.3,1.6743227707868702,48.269486501921705,778607851.608732,27/03/2020,Full,8.23,16.1025,24.92976940631865
GNB,Africa,Guinea-Bissau,2020-06-23,1556.0,19.0,790.6510000000002,1548.675,382.474,2.42,1.27,20.0,8.049256205558777,1.24347414723864,1396396698.39711,66.6539473684211,1874309.0,36130.0,13.7,16.2559757349751,5.25980895623503,449176782.440335,,None,,,22.43160009384157
GNQ,Africa,Equatorial Guinea,2020-06-23,2001.0,32.0,1426.245,22604.873,202.812,7.78,4.02,16.2,2.6496435701847085,-9.71677536516935,8710458124.52002,46.6657397504456,1308974.0,28050.0,20.0,,,5761207760.22297,,None,,,12.874670405387896
GRC,Europe,Greece,2020-06-23,3287.0,190.0,315.3590000000001,24574.382,175.695,4.55,54.79,53.8,8.155658096075053,2.15238791190716,212047073742.46106,83.2562141194725,10731726.0,131960.0,18.7,4.55695193033916,26.376696591266604,78058893033.7363,18/03/2020,Full,2.44,43.7335,67.24930454254152
GRD,North America,Grenada,2020-06-23,23.0,0.0,204.41,13593.877,243.96400000000003,10.71,14.07,27.5,4.913025349378588,3.63508314606946,1075324227.5829198,327.805882352941,111454.0,340.0,46.7,6.35955589379954,84.3383121928503,681619407.407407,,None,,,
GRL,North America,Greenland,2020-06-23,13.0,0.0,228.986,,199.941,2.16,,,,3.48701139115857,,0.136496528200755,56025.0,410450.0,,,,1373816235.391,,None,,,
GTM,North America,Guatemala,2020-06-23,13769.0,547.0,768.549,7423.808000000001,155.898,10.18,3.55,32.7,5.9789830446243295,1.15441380050436,75940720820.045,160.953779395297,17247807.0,108890.0,12.7,5.29295567705829,11.632336562982301,21608968518.9757,,None,4.81,,57.29112348556521
GUM,Oceania,Guam,2020-06-23,225.0,5.0,1333.073,,310.496,21.52,,,,-1.16298305304063,,306.977777777778,165768.0,540.0,,,,3178000000.0,,,,,88.09875049591066
GUY,South America,Guyana,2020-06-23,205.0,12.0,260.629,7435.047,373.159,11.62,8.02,31.7,4.959758967161178,3.5944710190175293,3717845151.2566094,3.9573482346964703,779004.0,214970.0,31.9,2.63362399948619,1.7530604505214098,1971924220.6235,,None,3.8,,67.32744491577148
HND,North America,Honduras,2020-06-23,13356.0,395.0,1348.463,4541.795,240.208,7.21,3.09,27.6,8.076899647712706,1.98232777609925,22272051988.2236,85.6870319063366,9587522.0,112490.0,21.1,4.37791872007706,10.2431519476378,14145631107.5749,20/03/2020,Partial,4.47,,47.207723789215066
HRV,Europe,Croatia,2020-06-23,2336.0,107.0,569.025,22669.797,253.782,5.59,30.0,53.3,6.724094301462174,3.55188710880397,57235668668.1884,73.04937455325229,4087843.0,56590.0,18.5,5.54541718833406,39.3186672147487,31237599093.9977,22/03/2020,Partial,2.8,37.128,88.0615612792969
HTI,North America,Haiti,2020-06-23,5211.0,88.0,457.004,1653.1729999999998,430.548,6.65,2.34,31.5,8.027283251285553,0.199179706745653,8913582852.359491,403.59854862118993,11123176.0,27750.0,2.5,10.5625286767651,34.8631710747482,4883278332.36605,,None,4.29,13.101,26.240239582061772
HUN,Europe,Hungary,2020-06-23,4107.0,573.0,425.14,26777.561,278.296,7.55,34.08,54.0,7.067919224500656,5.22733255137207,144335865294.525,107.981486799956,9775564.0,93030.0,12.6,2.5722078309251497,7.12570855374391,128214336337.989,16/03/2020,Full,2.36,30.839999999999996,89.75716987609864
IDN,Asia,Indonesia,2020-06-23,46845.0,2500.0,171.265,11188.744,342.8640000000001,6.32,4.27,56.6,3.0395406857132903,3.98560422637033,1026759691227.39,147.75219008926,267663435.0,1913580.0,19.8,5.31866223308219,7.36085740221671,211480972417.496,15/03/2020,Full,3.86,39.8165,46.88498357772825
IMN,Europe,Isle of Man,2020-06-23,336.0,24.0,3951.454,,,,,,,,,147.50350877193,84077.0,570.0,,,,,,,2.28,,
IND,Asia,India,2020-06-23,440215.0,14011.0,318.995,6426.674,282.28,10.39,8.57,46.5,3.6021219938993485,5.709116885485631,2727893916562.77,454.93807257524696,1352617328.0,3287259.0625,11.8,4.0111352655606005,5.426573070488889,614031738088.427,24/03/2020,Full,4.57,11.3435,23.34935580253598
IRL,Europe,Ireland,2020-06-23,25383.0,1717.0,5140.553,67335.293,126.459,3.28,33.13,59.0,8.368094414472573,6.838201454920911,297935848808.302,70.6533459137756,4867309.0,70280.0,22.2,2.17136602578505,3.13566641130987,436973743465.96,12/03/2020,Full,2.81,24.363500000000002,85.45565990448
IRN,Asia,Iran,2020-06-23,207525.0,9742.0,2470.743,19082.62,270.308,9.59,15.84,37.7,7.6374118775129345,,,50.222420123283996,81800269.0,1745150.0,5.9,,,106163460504.33,15/03/2020,Full,3.51,11.0515,55.41360977172852
IRQ,Asia,Iraq,2020-06-23,32676.0,1167.0,812.3810000000002,15663.986,218.612,8.83,7.08,25.8,3.2384713739156736,-2.84164269387304,193557631837.915,88.53057003546171,38433600.0,435051.9921875,25.5,13.8107461846825,2.16032293890942,91988381640.1015,22/03/2020,Full,7.7,,83.29189167022706
ISL,Europe,Iceland,2020-06-23,1823.0,10.0,5342.125,46482.958,117.992,5.31,40.78,46.3,8.221210539340975,1.84701469023014,24028826245.3673,3.51841396508728,352721.0,103000.0,38.1,15.9619688394254,25.5502920869965,9819545438.07745,16/03/2020,Full,,14.7545,88.00129932403564
ISR,Asia,Israel,2020-06-23,21082.0,307.0,2435.665,33132.32,93.32,6.74,46.25,47.3,7.207121849060058,1.47961747988643,363555983141.75104,410.480591497227,8882800.0,22070.0,27.5,9.10212839733564,7.42192635441192,107539192335.382,12/03/2020,Full,3.14,25.5,87.7189172744751
ITA,Europe,Italy,2020-06-23,238720.0,34657.0,3948.276,35220.084,113.151,4.78,39.77,56.2,8.93452599644661,0.966057526934264,2038376643846.06,205.418372203713,60421760.0,301340.0,35.7,6.21296820625092,7.86422694736246,571029730124.705,11/03/2020,Full,2.4,23.84,77.86083728790283
JAM,North America,Jamaica,2020-06-23,665.0,10.0,224.574,8193.571,206.537,11.28,13.06,29.0,5.569961890578271,1.45452492809596,14582302023.5711,270.993074792244,2934855.0,10990.0,17.5,6.32732336588992,53.3759013135404,8404894684.72854,12/03/2020,Full,3.45,17.0665,61.26263023376467
JEY,Europe,Jersey,2020-06-23,318.0,31.0,3146.241,,,,,,,,,,,,,,,,18/03/2020,Full,,,
JOR,Asia,Jordan,2020-06-23,1042.0,9.0,102.125,8337.49,208.257,11.75,23.24,42.1,7.487730979919433,0.129635568275077,41836914916.3244,112.14249831043,9956011.0,89320.0,15.4,6.559185693954589,41.3262661514424,22040000000.0,21/03/2020,Full,4.72,,89.61092502593996
JPN,Asia,Japan,2020-06-23,17968.0,955.0,142.066,39002.223,79.37,5.72,24.12,59.8,10.854122489690779,0.9929313224878628,5226599302149.56,347.0734584156241,126529100.0,377970.0,10.1,3.02620828511087,4.8692899961896785,906313335634.838,27/02/2020,Full,2.33,22.562500000000004,89.86929412841795
KAZ,Asia,Kazakhstan,2020-06-23,18231.0,127.0,970.937,24055.588,466.792,7.11,39.8,40.7,3.035991750657558,2.76315091083548,147572879547.561,6.76831870207801,18272430.0,2724901.875,27.1,6.16962987336707,3.94810188057602,50249498820.7624,15/03/2020,Full,3.5,25.2305,75.50295249938965
KEN,Africa,Kenya,2020-06-23,4797.0,125.0,89.211,2993.028,218.637,2.92,1.57,47.1,5.203852504491809,3.89615298102062,83062874765.6646,90.29941666373828,51393010.0,580370.0,21.8,,,20408671438.3763,15/03/2020,Full,3.64,10.895999999999999,48.12128900527953
KGZ,Asia,Kyrgyzstan,2020-06-23,3519.0,41.0,539.377,3393.474,436.362,7.11,22.13,49.3,7.058553993701935,1.46038147656107,7700206967.568541,32.965589155370196,6322800.0,199950.0,19.2,7.7287471074529694,17.8099772530336,5554671372.50802,24/03/2020,Partial,4.21,27.2845,65.67407983779904
KHM,Asia,Cambodia,2020-06-23,130.0,0.0,7.776,3645.07,270.892,4.0,1.93,39.2,6.407017484307292,5.907741250022111,22525028803.2131,92.05641287106279,16249798.0,181040.0,20.0,4.93803121314257,26.2409950521192,16921448889.8651,28/03/2020,Partial,4.61,18.0085,49.236819305419914
KNA,North America,Saint Kitts and Nevis,2020-06-23,15.0,0.0,281.997,24654.385,,12.84,26.76,26.2,4.997950494289398,2.14672480942217,961531499.003816,201.69615384615398,52441.0,260.0,13.3,9.934430179688633,60.63869418587979,620000000.0,,None,,,
KOR,Asia,South Korea,2020-06-23,12484.0,281.0,243.499,35938.374,85.99799999999998,6.8,23.61,70.2,7.074870467185974,2.18145161175325,1580109482105.75,529.358501289308,51606633.0,100339.00390625,17.0,5.35544908357113,2.72020867354208,605769302553.079,23/02/2020,Full,2.53,23.723499999999998,75.19433341979982
KWT,Asia,Kuwait,2020-06-23,40291.0,330.0,9434.587,65530.537,132.235,15.84,26.46,46.1,3.8125365972518908,-0.741360738908625,141863037582.434,232.172222222222,4137309.0,17820.0,3.1,20.992662623811,1.0786524517835798,61556291390.7285,16/03/2020,Partial,,20.0215,98.61426162719724
LAO,Asia,Laos,2020-06-23,19.0,0.0,2.611,6397.36,368.111,4.0,3.73,43.1,2.4081863090395936,4.61588222048862,17318312655.3411,30.5957842287695,7061507.0,236800.0,27.5,12.9676847934516,12.177977453573899,6619813405.803061,,None,5.77,29.4695,18.919945292472846
LBN,Asia,Lebanon,2020-06-23,1603.0,32.0,234.857,13367.565,266.591,12.71,21.04,43.1,7.824720740318298,-0.34208130231377304,54240387295.7135,669.4941348973608,6848925.0,10450.0,4.7,19.467912329036697,45.4227864911041,22386564529.8176,16/03/2020,Full,,33.869,70.63707519531249
LBR,Africa,Liberia,2020-06-23,650.0,34.0,128.517,752.788,272.509,2.42,0.38,35.1,9.098421335220332,-1.22975996453044,2919787065.30257,50.030907392026606,4818977.0,111370.0,12.3,0.618232004984871,,3031428800.0,,None,4.95,9.883000000000001,20.88701957225799
LBY,Africa,Libya,2020-06-23,571.0,10.0,83.09899999999998,17881.509,341.862,10.43,20.91,25.7,,6.36824093250934,42771026208.6955,3.795632381190541,6678567.0,1759540.0,16.0,,,27853452048.9165,,None,,,93.64716930389405
LCA,North America,Saint Lucia,2020-06-23,19.0,0.0,103.469,12951.839,204.62,11.62,6.41,35.3,5.057272762060166,0.339234187154531,1739539256.77877,298.17868852459,181889.0,620.0,16.7,8.719713187854751,81.2711569887711,,20/03/2020,Full,,,64.16056097030642
LIE,Europe,Liechtenstein,2020-06-23,83.0,1.0,2176.364,,,7.77,,43.5,,,,236.9375,37910.0,160.0,12.0,,,,20/03/2020,Partial,2.32,,
LKA,Asia,Sri Lanka,2020-06-23,1951.0,11.0,91.112,11669.077,197.093,10.68,10.04,33.9,3.80561038851738,2.1327460963848504,87896171382.1976,345.558922022006,21670000.0,65610.0,5.8,9.26581828380392,27.674977355815606,24569911488.3837,21/03/2020,Full,,13.7835,57.3071237373352
LSO,Africa,Lesotho,2020-06-23,4.0,0.0,1.867,2851.153,405.126,3.94,0.69,30.2,8.548127859830856,0.33207349060136,2921766862.53022,69.437812911726,2108132.0,30360.0,22.1,14.0247371149823,1.91458449433821,2238423028.1544,,,3.34,27.4175,82.84836185455325
LTU,Europe,Lithuania,2020-06-23,1801.0,76.0,661.575,29524.265,342.9890000000001,3.67,63.53,55.0,6.382509917020795,4.63845827413193,48634196073.5066,44.7230757742448,2801543.0,65286.0009765625,21.3,2.8191957924283906,3.22517537325499,39305041102.5882,16/03/2020,Full,2.32,29.7335,88.27675815582276
LUX,Europe,Luxembourg,2020-06-23,4121.0,110.0,6583.319,94277.965,128.275,4.42,30.09,43.8,5.531493350863456,1.14105379601197,43068735624.125,250.18518518518502,607950.0,2590.0,28.3,2.98337118191031,4.06799208765904,122843607598.227,16/03/2020,Full,2.41,23.4755,91.4952605056763
LVA,Europe,Latvia,2020-06-23,1111.0,30.0,589.014,25063.846,350.06,4.91,31.91,62.9,5.749250799417496,5.43910139407771,31803867377.5425,30.993470569314894,1927174.0,64490.0,16.0,3.68059042893868,5.01365220069174,20410154032.1411,13/03/2020,Full,2.38,38.427,88.44652633666989
MAR,Africa,Morocco,2020-06-23,10172.0,214.0,275.585,7485.013000000001,419.146,7.14,7.31,43.7,5.309188589453695,1.68827508535729,112914745257.66,80.72851893345279,36029138.0,446550.0,20.5,5.44913861570711,22.01675709421,57372531348.5547,16/03/2020,Full,5.24,24.181500000000003,45.541070423126214
MCO,Europe,Monaco,2020-06-23,101.0,5.0,2573.6420000000007,,,5.46,75.07,32.7,1.9573235139250758,5.30456543094968,,,38682.0,,33.3,,,,17/03/2020,Full,,,
MDA,Europe,Moldova,2020-06-23,14363.0,480.0,3560.519,5189.972,408.502,5.72,32.07,42.9,8.084456026554111,5.276488784940111,10553252005.5264,123.51980353224,2706049.0,33850.0,22.8,6.860987218389488,14.486287280460301,6605176771.84397,11/03/2020,Full,2.89,25.4435,62.0329388999939
MDG,Africa,Madagascar,2020-06-23,1640.0,15.0,59.225,1416.44,405.994,3.94,1.81,40.1,5.330600440502166,1.81024820355464,13267179655.2599,45.1398556204881,26262368.0,587295.0,19.2,6.38436038582579,20.2238771323715,4698046664.22852,17/03/2020,Partial,4.95,,10.93424992084504
MDV,Asia,Maldives,2020-06-23,2217.0,8.0,4101.439,15183.616000000002,164.905,9.19,45.63,33.8,8.79278108477593,2.88973083684236,4786256984.46698,1718.9866666666699,515696.0,300.0,5.9,10.567193945527901,82.6938366672004,3978474372.4030704,11/03/2020,Full,5.4,28.8145,72.02737018585205
MEX,North America,Mexico,2020-06-23,185122.0,22584.0,1435.803,17336.468999999994,152.783,13.06,23.83,57.6,5.700176879763606,0.991932458168463,1159048814145.26,64.9146264050001,126190788.0,1964375.0,48.2,2.8003696126079203,4.96060248874723,492176132550.51,14/03/2020,Partial,3.74,14.222499999999998,68.31931606292726
MKD,Europe,Macedonia,2020-06-23,5196.0,247.0,2494.024,13111.214,322.688,10.08,28.74,39.1,6.358608901500701,2.61717694488996,11360186689.5629,82.59151467089609,2082958.0,25710.0,38.3,3.05771361935185,5.09094756953213,9595356997.262829,18/03/2020,Full,,,77.061385383606
MLI,Africa,Mali,2020-06-23,1961.0,111.0,96.836,2014.306,268.024,2.42,1.29,29.0,4.026185348629951,1.7916766567807498,15994137157.1486,15.635015858186,19077690.0,1240190.0,8.8,,,5983745596.42266,18/03/2020,Full,5.81,12.407,17.55259549617768
MLT,Europe,Malta,2020-06-23,665.0,9.0,1506.096,36513.323,168.71099999999996,8.83,28.6,37.3,9.188717007637024,3.10823263897765,12804453189.0998,1514.46875,484630.0,320.0,11.9,2.87379449240067,8.72130805224491,17804254200.1415,12/03/2020,Full,2.67,25.5965,86.66201599121098
MMR,Asia,Myanmar,2020-06-23,291.0,6.0,5.348,5591.597,202.104,4.61,6.77,43.4,4.364199638366702,5.555804237504018,70246183910.3074,82.23861548355491,53708395.0,676590.0,10.2,0.6254478441665079,10.593297149898303,23078337307.5519,,,4.22,20.894500000000004,37.38072525024417
MNE,Europe,Montenegro,2020-06-23,367.0,9.0,584.337,16409.288,387.305,10.08,27.56,43.7,,5.10251578114111,5248475092.21356,46.262230483271395,622227.0,13810.0,23.5,1.99151112504161,52.1678725110468,3592248096.73086,24/03/2020,Full,3.21,45.9695,78.95090515136715
MNG,Asia,Mongolia,2020-06-23,215.0,0.0,65.583,11840.846,460.043,4.82,28.59,49.5,4.184305146336556,5.31725254619168,11597426934.3095,2.0406086665465097,3170208.0,1564120.0,17.1,9.695972286836133,6.81877429502399,8923940134.739408,10/03/2020,Full,4.32,26.205000000000002,50.446646175384515
MNP,Oceania,Northern Mariana Islands,2020-06-23,30.0,2.0,521.222,,194.99400000000003,,,,,-20.0601037855457,,123.65652173913,56882.0,460.0,,,,726000000.0,,,,,
MOZ,Africa,Mozambique,2020-06-23,737.0,5.0,23.58,1136.103,329.94199999999995,3.3,0.84,28.1,5.349588319659231,0.458309215545086,13588598915.5351,37.508535313716,29495962.0,786380.0,39.6,1.28352669775177,5.539972557010679,11069764611.3153,,None,4.37,17.22,14.787744674682626
MRT,Africa,Mauritania,2020-06-23,2984.0,111.0,641.7669999999998,3597.633,232.347,2.42,1.87,27.5,4.250883311033247,0.7146787423193639,5129074595.79785,4.27216357815077,4403319.0,1030700.0,20.3,1.1571481639661398,0.29100892908535303,3977162165.9925604,,None,,,40.85943535804749
MSR,North America,Montserrat,2020-06-23,11.0,1.0,2200.44,,,,,,,,,,,,,,,,,,,,
MUS,Africa,Mauritius,2020-06-23,340.0,10.0,267.345,20292.745,224.644,22.02,25.33,34.9,5.4604995250701895,3.71722856647342,15244401131.0815,623.30197044335,1265303.0,2040.0,11.6,9.55711083856597,38.928195243130496,7605564717.3242,17/03/2020,Partial,3.48,22.137500000000003,80.5335180282593
MWI,Africa,Malawi,2020-06-23,803.0,11.0,41.976000000000006,1095.042,227.349,3.94,0.36,28.0,9.993272721767434,0.8014196964556821,6506600289.884279,192.440761561307,18143315.0,118480.0,16.7,4.62032197696521,3.8447061764811097,2729078033.2000604,,,4.51,14.651499999999999,39.37887130737304
MYS,Asia,Malaysia,2020-06-23,8587.0,121.0,265.309,26808.164,260.942,16.74,15.36,62.2,3.779720440506933,3.3345011012496,333842531884.843,95.9628214883579,31528585.0,330345.0,13.9,5.98545872369598,8.834374762172901,210615660624.149,18/03/2020,Full,4.56,21.907,74.49438842773438
NAM,Africa,Namibia,2020-06-23,63.0,0.0,24.794,9541.808,243.811,3.94,4.18,35.6,8.982652127742769,-2.4008197720197,12783643142.3496,2.9737455817512704,2448255.0,824290.0,46.2,1.08868818751433,9.86220434169235,5894573059.9928,14/03/2020,Full,4.24,22.0725,62.51255155563355
NCL,Oceania,New Caledonia,2020-06-23,21.0,0.0,73.557,,,23.36,,,,,,15.5393873085339,284060.0,18580.0,,,,,,,,,83.29721382141116
NER,Africa,Niger,2020-06-23,1046.0,67.0,43.21100000000001,926.0,238.33900000000003,2.42,0.43,32.2,6.567399203777312,2.4953347016976,8682726194.770159,17.717650588142398,22442948.0,1267000.0,17.0,,,3616976197.531,,None,5.92,7.8265,5.18382493495941
NGA,Africa,Nigeria,2020-06-23,20919.0,525.0,101.48,5338.4540000000015,181.013,2.42,3.81,37.8,3.550864383578302,-0.6655790801877121,384802857431.966,215.06498896538105,195874740.0,923770.0,5.6,18.451265655985697,2.91129132161068,69721646471.4198,25/03/2020,Full,4.9,5.751,18.00338520050048
NIC,North America,Nicaragua,2020-06-23,2014.0,64.0,304.02,5321.444,137.016,11.47,9.78,43.1,8.194318562746044,-5.14914016579304,13068790473.1023,53.7270483629716,6465513.0,130370.0,45.7,5.1855814091706,9.87027125102059,6256532726.27915,,None,4.92,,53.40499893188479
NLD,Europe,Netherlands,2020-06-23,49658.0,6090.0,2898.066,48472.545,109.361,5.29,36.05,75.6,10.375210493803044,2.00009858507431,883236056903.029,511.47592757494795,17231624.0,41540.0,36.0,3.85310378322941,3.3526695560413504,652699537670.587,16/03/2020,Full,2.23,25.8645,83.52907024383543
NOR,Europe,Norway,2020-06-23,8745.0,248.0,1613.099,64800.057,114.316,5.31,29.16,64.6,9.863836616277686,0.6231470137170451,428375207614.415,14.5482916341657,5311916.0,625217.109375,41.4,13.175788618555801,4.26622331607864,141960454545.455,12/03/2020,Full,2.22,20.1555,93.64260200500487
NPL,Asia,Nepal,2020-06-23,9026.0,23.0,309.78,2442.804,260.797,7.26,7.49,35.1,5.8287112414836875,4.90794694128547,27201708172.7506,195.939107080572,28087871.0,147180.0,32.7,6.26698468458562,27.782884671518396,14173973922.8676,24/03/2020,Full,4.24,23.7915,21.69831933975223
NZL,Oceania,New Zealand,2020-06-23,1165.0,22.0,241.58900000000003,36085.843,128.797,8.08,35.9,54.0,9.316181838512422,1.7736463724658895,198566287203.762,18.3851733697923,4841000.0,267710.0,38.3,8.023966068493849,19.084131933229106,58136319343.1395,25/03/2020,Full,2.67,16.012,81.95118534088135
OMN,Asia,Oman,2020-06-23,31076.0,137.0,6085.432,37960.709,266.342,12.61,20.03,43.1,3.7600989639759055,-1.68210182403824,73109396536.3372,15.6041453957997,4829483.0,309500.0,1.2,9.094428810836801,6.44138448487136,32736280884.2653,29/03/2020,Partial,8.02,8.1255,95.9126304244995
OWID_KOS,Europe,Kosovo,2020-06-23,2169.0,37.0,1122.221,9795.834,,,,,,,,,,,,,,,25/03/2020,Partial,,,
PAK,Asia,Pakistan,2020-06-23,185034.0,3695.0,837.666,5034.708,423.031,8.35,9.8,35.5,2.7531329914927483,3.6767121099591695,337059830287.149,275.28931870070596,212215030.0,796100.0,20.6,4.23688702829611,2.65801112530378,56532439052.4472,26/03/2020,Full,6.8,19.9195,37.59752525329592
PAN,North America,Panama,2020-06-23,26752.0,521.0,6200.102,22267.037,128.346,8.33,15.69,43.7,6.98603093624115,1.93696407326647,60023543303.6692,56.1860774818402,4176873.0,75420.0,18.3,4.5221779077851,19.6745244988913,30511700000.0,25/03/2020,Full,3.67,6.1875,62.91655584335328
PER,South America,Peru,2020-06-23,254936.0,8045.0,7731.93,12236.706,85.755,5.95,13.05,49.2,4.956688657402991,2.20561703131051,207101732427.075,24.99160625,31989256.0,1285220.0,27.7,6.64082116705214,8.720746945012719,52031582416.9239,10/03/2020,Full,3.75,,44.90340065002442
PHL,Asia,Philippines,2020-06-23,30682.0,1177.0,279.994,7599.188,370.437,7.07,6.0,47.6,4.353193342685702,4.77073894578564,408840418468.117,357.688305329175,106651922.0,300000.0,29.5,9.614105961599439,10.7653942890797,151723946881.072,16/03/2020,Partial,4.23,24.465,62.883176174163815
PNG,Oceania,Papua New Guinea,2020-06-23,9.0,0.0,1.006,3823.194,561.494,17.65,0.7,27.8,2.6432360336184497,-2.76011441200268,22111662448.2579,19.004363379410893,8606316.0,462840.0,0.0,,,,,None,5.43,36.2765,20.27303525924681
POL,Europe,Poland,2020-06-23,32227.0,1359.0,851.5160000000002,27216.445,227.331,5.91,23.79,55.4,6.442192643880844,5.148228919437201,535535085143.501,124.023482151605,37974750.0,312680.0,28.0,3.4739665375282,4.84104001819847,298996978694.588,12/03/2020,Full,2.82,28.249000000000002,80.09866104125976
PRI,North America,Puerto Rico,2020-06-23,6564.0,149.0,2294.431,35044.67,108.094,12.9,,,,-1.04108061898415,67412091451.5787,360.220180383315,3195153.0,8870.0,,,,46462500000.0,,,2.67,,84.17878524780275
PRT,Europe,Portugal,2020-06-23,39392.0,1534.0,3863.208,27936.896,127.842,9.85,51.24,60.3,9.018246978521349,2.60541088250956,226063382260.544,112.26194121729999,10283822.0,92225.595703125,34.8,6.2770481683130015,22.809757061485897,104090392265.945,18/03/2020,Full,2.58,23.2185,83.40238552093508
PRY,South America,Paraguay,2020-06-23,1392.0,13.0,195.162,8827.01,199.128,8.27,13.54,35.7,6.569114774465557,2.34999034373892,39417705919.7151,17.5083589227284,6956071.0,406751.9921875,15.0,3.95577302466936,2.73715829008388,13154087803.2047,15/03/2020,Partial,4.63,13.383000000000001,56.808645305633526
PSE,Asia,Palestine,2020-06-23,1196.0,5.0,234.445,4449.898,265.91,10.59,,,,-1.61856449743397,16971424264.6216,758.984551495017,4569087.0,6020.0,,8.64734863783412,8.43813641509338,8730900000.0,05/03/2020,Full,5.89,,72.03704296112058
PYF,Oceania,French Polynesia,2020-06-23,60.0,0.0,213.596,,,22.63,,,,,,75.8685792349727,277679.0,4000.0,,,,,,,,,83.71976474761964
QAT,Asia,Qatar,2020-06-23,88403.0,99.0,30684.193,116935.6,176.69,16.52,24.85,41.2,2.654688954353332,-0.5846691334430429,170097430243.3,239.59319552110298,2781677.0,11610.0,9.8,17.860239113011,14.8584760608804,66769780219.7802,11/03/2020,Full,,13.980500000000001,99.58886688232423
ROU,Europe,Romania,2020-06-23,24291.0,1523.0,1262.678,23313.199,370.946,9.74,29.81,45.8,5.063401088118554,4.6018268332256,219905931423.429,84.60598487482609,19466145.0,238400.0,20.7,4.68378784248232,3.2253423828987,110555746950.14,25/03/2020,Full,2.67,30.071,74.92040302276607
RUS,Europe,Russia,2020-06-23,592280.0,8206.0,4058.534,24765.954,431.297,6.18,37.49,44.3,5.2364442497491845,2.26174479438679,1501658920484.16,8.82207955488442,144478050.0,17098250.0,15.8,11.295195961647902,3.6762050568671696,352911827266.029,27/03/2020,Full,2.58,41.024499999999996,93.1977401733399
RWA,Africa,Rwanda,2020-06-23,787.0,2.0,60.762,1854.211,191.375,4.28,1.34,34.2,6.702383309602737,5.772764955423138,9646119798.09079,498.659870287799,12301939.0,26340.0,61.3,11.993097895119199,25.849287063411303,3506060980.6968303,16/03/2020,Full,4.26,12.9315,32.088001136779745
SAU,Asia,Saudi Arabia,2020-06-23,161005.0,1307.0,4624.738,49045.41099999999,259.538,17.72,26.12,49.3,5.351573154330252,0.607923521071328,727799865031.351,15.6766543082956,33699947.0,2149690.0,19.9,8.56023595709856,5.4053725409928095,207220564148.99695,15/03/2020,Full,,13.718,96.60688888549805
SDN,Africa,Sudan,2020-06-23,8698.0,533.0,198.361,4466.507000000001,431.388,15.67,2.62,26.2,6.513861492276191,-4.62984322829847,65214050620.6498,,41801533.0,,30.5,0.15781844189836802,20.8779243729127,2663856701.08889,,None,5.59,,40.89716939926145
SEN,Africa,Senegal,2020-06-23,5970.0,86.0,356.547,2470.58,241.219,2.42,0.69,37.9,4.312078282237052,3.83706200836902,22388448961.1614,82.3474783150678,15854360.0,196710.0,41.8,,,8892185897.85821,24/03/2020,Partial,8.66,8.581000000000001,33.135565490722655
SGP,Asia,Singapore,2020-06-23,42313.0,26.0,7232.566999999999,85535.383,92.243,10.99,22.94,58.7,4.1346968710422525,2.656150007562029,331373275388.734,7952.9984184018,5638676.0,719.0000152587891,23.0,4.550200571206151,3.07876287879111,541838806626.594,26/03/2020,Partial,3.29,16.8655,86.62655399322509
SLE,Africa,Sierra Leone,2020-06-23,1340.0,55.0,167.983,1390.3,325.721,2.42,0.25,38.2,16.3310869038105,1.25932772139537,3739206570.46938,105.987170961485,7650154.0,72300.0,12.3,3.77996675695004,5.16251193191442,1602530536.05603,,None,5.9,25.2125,11.239890308380149
SLV,North America,El Salvador,2020-06-23,4808.0,107.0,741.2660000000002,7292.458,167.295,8.87,15.66,44.2,7.594985663890839,2.01797814423728,24510577375.7738,309.88146718146703,6420744.0,21040.0,31.0,3.87690476314776,18.224925487708894,12872830000.0,11/03/2020,Full,4.07,10.7315,60.224754848480245
SMR,Europe,San Marino,2020-06-23,713.0,42.0,21008.899,56861.47,,5.64,61.09,31.1,7.368963062763214,,,563.083333333333,33785.0,60.0,26.7,,,1528630707.49794,09/03/2020,Full,,,
SOM,Africa,Somalia,2020-06-23,2812.0,90.0,176.93099999999995,,365.769,6.05,0.23,16.6,,,,23.923476902477105,15008154.0,637660.0,24.4,,,,19/03/2020,Full,,,9.477615239620189
SRB,Europe,Serbia,2020-06-23,12990.0,262.0,1909.004,14048.881,439.415,10.08,31.13,52.3,8.891468495130539,4.96414718023301,44641964405.7233,79.8376857992225,6982604.0,88360.0,34.4,6.16852555527403,7.6941704983767,31203980822.73,15/03/2020,Full,2.88,38.962500000000006,72.1753754425049
SSD,Africa,South Sudan,2020-06-23,1892.0,34.0,169.023,1569.888,280.775,10.43,,21.7,,,,,10975920.0,,28.5,14.3628279932358,0.387776007652113,3467364408.1904397,,,5.95,,11.424595069885275
STP,Africa,Sao Tome and Principe,2020-06-23,702.0,12.0,3203.125,3052.7140000000004,270.113,2.42,0.53,17.7,6.501499563455582,0.74150891054461,398917748.232659,219.820833333333,211028.0,960.0,18.2,8.92802364678821,73.19355970951808,,,,3.84,,48.2326686859131
SUR,South America,Suriname,2020-06-23,319.0,8.0,543.78,13767.119,258.314,12.54,12.1,36.5,5.674896091222763,0.92786588679337,3000246883.44837,3.69225,575991.0,163820.0,25.5,4.93243932748648,3.2084253330086,1678079696.94762,,None,3.94,25.3275,86.56358489990237
SVK,Europe,Slovakia,2020-06-23,1588.0,28.0,290.862,30155.152,287.959,7.29,34.16,47.9,7.0240336656570435,3.88970762164871,99471783267.9989,113.28558652246299,5446771.0,49030.0,20.0,2.80815871532977,3.27237655592596,97101514020.7136,09/03/2020,Full,2.8,30.473000000000003,85.58132419586181
SVN,Europe,Slovenia,2020-06-23,1521.0,109.0,731.6260000000002,31400.84,153.493,7.25,30.86,67.2,8.493027538061144,3.7413850299764095,50818622425.2578,102.96366052404,2073894.0,20675.0,24.4,4.21483334690866,7.32150137778033,40467419584.9278,11/03/2020,Full,2.47,22.5745,85.01629615783689
SWE,Europe,Sweden,2020-06-23,58932.0,5122.0,5835.273,46949.283,133.982,4.79,39.84,72.1,11.04345306754112,1.04461468244648,565106540174.312,24.981498121823698,10175214.0,447430.0,46.1,7.42430835750222,5.91079200526395,230782133492.464,,None,,18.8505,90.5395329284668
SWZ,Africa,Swaziland,2020-06-23,643.0,6.0,554.232,7738.975,333.436,3.94,3.29,31.1,7.1448290348053005,1.32064533880811,4459563360.10043,66.05761627906979,1136191.0,17360.0,7.2,2.08039961827122,0.8634572163239258,2068525304.17117,,None,4.74,9.174,64.75733242034914
SXM,North America,Sint Maarten (Dutch part),2020-06-23,77.0,15.0,1795.625,36327.232,,,,,,,,,40654.0,,,8.51334640872217,57.798506947798394,,,,2.58,,
SYC,Africa,Seychelles,2020-06-23,11.0,0.0,111.857,26382.287,242.648,10.55,21.21,31.9,4.803862646222114,2.64314769997245,1509179623.27506,210.35217391304298,96762.0,460.0,21.2,5.49025352034366,36.40423070761621,1466993535.78531,,None,3.78,21.543,
SYR,Asia,Syria,2020-06-23,219.0,7.0,12.514,,376.264,,12.87,19.9,,,,92.0671077710614,16906283.0,185180.0,13.2,,,15286438384.0609,14/03/2020,Full,,,71.43116287231442
TCA,North America,Turks and Caicos Islands,2020-06-23,14.0,1.0,361.589,,,,,,,3.74471268028005,1007020879.68285,39.64736842105261,37665.0,950.0,,0.7717488281836221,95.18352166661472,,,,,,
TCD,Africa,Chad,2020-06-23,858.0,74.0,52.235,1768.1529999999998,280.995,6.1,0.43,28.8,4.461597949266435,-0.415664166030837,10439631781.5373,12.2917336404066,15477751.0,1284000.0,15.3,,,4280250584.1330795,,None,5.78,,6.325890169143682
TGO,Africa,Togo,2020-06-23,569.0,13.0,68.73,1429.813,280.033,6.15,0.77,32.5,6.336215957999233,2.3752725065104,5186946777.21846,145.04677330391598,7889094.0,56790.0,17.6,,,2271435422.78605,20/03/2020,Partial,4.55,7.616499999999999,17.178655238151517
THA,Asia,Thailand,2020-06-23,3151.0,58.0,45.143,16277.671,109.861,7.04,8.05,73.2,3.662969022989272,3.8012698096660698,458654995738.984,135.897206835131,69428524.0,513120.0,5.3,5.17345477997521,19.8556368013451,274861019853.386,22/03/2020,Full,3.69,20.534499999999998,48.52423070907594
TJK,Asia,Tajikistan,2020-06-23,5513.0,52.0,578.025,2896.913,427.698,7.11,21.03,32.3,6.867642551660537,4.6994643407949805,9202464384.49077,65.57271417249079,9100837.0,141380.0,19.0,0.7512239138049219,15.3100709612741,2929108623.6944,,,5.99,,55.993155727386494
TLS,Asia,Timor,2020-06-23,24.0,0.0,18.203,6570.102,335.346,6.86,,26.0,3.0946988984942445,-2.7135195671459704,2296624623.59089,85.270477471419,1267972.0,14870.0,33.8,12.361705360927598,64.0015153353887,945341851.253041,,None,5.27,42.559,30.119301156997658
TTO,North America,Trinidad and Tobago,2020-06-23,123.0,8.0,87.889,28763.071,228.467,10.97,41.68,36.6,6.031748205423354,-0.660494390281343,22171395213.221,270.927485380117,1389858.0,5130.0,31.0,1.6228151775821498,4.77367392770904,,13/03/2020,Full,3.29,,77.47926197051999
TUN,Africa,Tunisia,2020-06-23,1159.0,50.0,98.066,10849.297,318.991,8.52,13.03,33.7,6.980008780956267,1.31525212464101,40452512429.6335,74.44132337796091,11565204.0,163610.0,31.3,3.87008547532526,11.9476441556252,23551458560.5234,20/03/2020,Full,,33.7735,76.0398606491089
TUR,Asia,Turkey,2020-06-23,188897.0,4974.0,2239.733,25129.341,171.285,12.13,18.49,52.4,4.284106940031052,1.30556428516834,858100673564.328,106.960128893104,82319724.0,785350.0,17.4,2.01651010072454,15.6095018744851,224665791180.514,23/03/2020,Full,4.07,27.735,67.35172489166263
TWN,Asia,Taiwan,2020-06-23,446.0,7.0,18.726,,103.957,,,,,,,,,,,,,,02/02/2020,Full,,,
TZA,Africa,Tanzania,2020-06-23,509.0,21.0,8.521,2683.304,217.288,5.75,0.14,36.4,3.9839930087327935,2.35283922112663,55700775927.9572,63.579078798825904,56318348.0,947300.0,37.2,8.27664312087966,29.365314733999,9117114283.03002,,None,4.85,15.116999999999999,14.177385358810433
UGA,Africa,Uganda,2020-06-23,774.0,0.0,16.921,1697.707,213.333,2.5,1.68,44.3,6.642394885420803,2.27461502218904,26688331084.7713,213.06173449032502,42723139.0,241550.0,34.3,3.86320475774774,18.5356229294938,9165143461.67866,18/03/2020,Full,4.53,10.1165,21.388394680023215
UKR,Europe,Ukraine,2020-06-23,37241.0,1012.0,851.539,7894.393,539.849,7.11,29.92,38.0,6.937526315450666,3.86273257167309,112497730744.996,77.02966735141291,44622516.0,603550.0,12.3,11.7542764744263,3.83698317409318,75355147491.2558,17/03/2020,Full,2.46,30.619500000000002,84.23665996551512
URY,South America,Uruguay,2020-06-23,882.0,25.0,253.906,20551.409,160.708,6.93,50.79,41.3,9.010100215673448,1.2473125475713798,53972904752.5031,19.7080276539824,3449299.0,176220.0,20.2,9.963400418400633,14.874530224251899,10820360880.8863,16/03/2020,Full,2.78,16.9795,72.16646968841553
USA,North America,United States,2020-06-23,2312302.0,120402.0,6985.751,54225.446,151.089,10.79,26.12,83.5,16.7955181002617,2.39109654413916,20636317813893.1,35.7136220923495,326687501.0,9831510.0,19.6,5.960641637946018,10.24045448276,3148464000000.0,02/04/2020,Full,2.49,21.8775,93.78968921661377
UZB,Asia,Uzbekistan,2020-06-23,6500.0,19.0,194.208,6253.104,724.4169999999998,7.57,23.74,34.3,6.1098602414131165,3.31412256339001,66508646229.7207,77.46920545369059,32955400.0,447400.0,16.0,11.6108708806334,9.295983287580473,24221845325.5779,20/03/2020,Partial,5.24,13.116999999999999,56.0177447128296
VAT,Europe,Vatican,2020-06-23,12.0,0.0,14833.127,,,,,,,,,,,,,,,,10/03/2020,Full,,,
VCT,North America,Saint Vincent and the Grenadines,2020-06-23,29.0,0.0,261.386,10727.146,252.675,11.62,6.65,33.0,4.414735585451125,1.80809329953506,808595290.197451,282.589743589744,110210.0,390.0,13.0,10.644125068079301,76.27016850800109,402100000.0,,None,,,75.15630027770993
VEN,South America,Venezuela,2020-06-23,4048.0,35.0,142.355,16745.022,204.85,6.47,19.48,23.0,4.179559778422118,,,32.7307919052208,28870195.0,912050.0,22.2,,,151446288628.624,16/03/2020,Full,4.33,,62.08684038162228
VGB,North America,British Virgin Islands,2020-06-23,8.0,1.0,264.577,,,13.67,,,,,,198.68,29802.0,150.0,,,,,,,,,
VIR,North America,United States Virgin Islands,2020-06-23,76.0,6.0,727.809,,273.67,12.26,,,,,,305.648571428571,106977.0,350.0,,,,3029000000.0,,,,,87.1575680541992
VNM,Asia,Vietnam,2020-06-23,349.0,0.0,3.585,6171.884,245.465,6.0,8.28,49.1,5.792425200343129,6.0180883975449415,225881796340.297,308.12524591221296,95540395.0,331230.0,26.7,2.40608364448114,3.89960829827361,271362707663.061,19/03/2020,Full,3.78,23.674500000000002,43.20701539993286
YEM,Asia,Yemen,2020-06-23,967.0,257.0,32.421,1479.1470000000004,495.003,5.35,5.25,18.5,,-4.968006747196822,,53.9778529083092,28498687.0,527970.0,0.0,,,,,,6.67,18.508,39.480494651794395
ZAF,Africa,South Africa,2020-06-23,101590.0,1991.0,1712.902,12294.876,200.38,5.52,9.05,54.8,8.012191653251648,-0.5720801967122211,332317844014.903,47.630119776768396,57779622.0,1219090.0,42.3,5.82867789187758,8.8935754524209,103147637766.119,26/03/2020,Full,3.36,20.7755,84.72790725708006
ZMB,Africa,Zambia,2020-06-23,1430.0,11.0,77.785,3689.251,234.499,3.94,11.87,28.7,4.380560666322708,0.8151694986741089,24769379600.8785,23.341478900711603,17351822.0,752610.0,18.0,4.6894811701325,7.43292857488829,8075799858.7987,,None,5.13,14.008,21.183910632133486
ZWE,Africa,Zimbabwe,2020-06-23,512.0,6.0,34.448,1899.775,307.846,1.82,2.1,38.2,7.23239406943321,4.6720292590305705,25806087217.628,37.3245909267158,14439018.0,390760.0,31.5,,,7537739100.0,27/03/2020,Full,4.08,16.2955,35.15865986824032
