,iso_code,continent,location,date,total_cases,total_deaths,total_cases_per_million,aged_70_older,gdp_per_capita,extreme_poverty,cvd_death_rate,diabetes_prevalence,female_smokers,male_smokers,handwashing_facilities,medical_doctors,ghs_score,health_expenditure_5y_avg,GDP growth (annual %),GDP per capita growth (annual %),"GNI per capita, Atlas method (current US$)","GNI per capita, PPP (current international $)","GNI, Atlas method (current US$)","GNI, PPP (current international $)",Population density (people per sq. km of land area),"Population, total",Surface area (sq. km),Female share of employment in senior and middle management (%),Firms with female participation in ownership (% of firms),"Life expectancy at birth, female (years)","Life expectancy at birth, male (years)",Proportion of seats held by women in national parliaments (%),"Wage and salaried workers, female (% of female employment) (modeled ILO estimate)","Wage and salaried workers, male (% of male employment) (modeled ILO estimate)",Women who were first married by age 18 (% of women ages 20-24),overweight_in_percent,stunting_in_percent,underweight_in_percent,"Mortality rate, adult, female (per 1,000 female adults)","Mortality rate, adult, male (per 1,000 male adults)","International tourism, expenditures (% of total imports)","International tourism, expenditures (current US$)","International tourism, number of arrivals","International tourism, number of departures","International tourism, receipts (% of total exports)","International tourism, receipts (current US$)",lockdown_date,lockdown_type,di_score,di_electoral_process_and_pluralism,di_functioning_of_government,di_political_participation,di_political_culture,di_civil_liberties,di_regime_type,household_avg_people,household_members_1,household_members_2_3,household_members_4_5,household_members_6_or_more
0,ABW,North America,Aruba,2020-06-23,101.0,3.0,945.9939999999999,7.452000000000001,35973.781,,,11.62,,,,,,,,,,,,,588.027777777778,105845.0,180.0,,,78.507,73.628,,,,,,,,68.514,110.63,15.952799872418199,358000000.0,1082000.0,,79.60967013355929,2024000000.0,,,,,,,,,,2.89,21.37,46.77,25.59,6.28
1,AFG,Asia,Afghanistan,2020-06-23,29143.0,598.0,748.632,1.337,1803.987,,597.029,9.59,,,37.746,2.78,32.3,10.235867053270349,1.03066005804328,-1.35017833585495,550.0,2240.0,20316592975.0527,83258756819.3422,56.937760009803,37172386.0,652860.0,,,66.02600000000001,63.047,27.7,7.7399997711181605,20.159000396728498,,5.125,47.77500000000001,30.375,192.532,237.554,2.8307157244166805,226000000.0,,,3.10661959202303,50000000.0,24/03/2020,Full,2.85,3.42,0.64,3.89,2.5,3.82,Authoritarian,8.04,0.19,6.45,16.84,76.52
2,AGO,Africa,Angola,2020-06-23,183.0,9.0,5.568,1.3619999999999999,5819.495,,276.045,3.94,,,26.664,2.15,25.2,2.655480094254014,-2.1334932567635603,-5.28777959390334,3370.0,6780.0,103839890559.31801,208811611890.126,24.713052057431604,30809762.0,1246700.0,,,63.666000000000004,58.06399999999999,30.5,17.604999542236303,41.5379981994629,,2.55,42.63333333333333,23.600000000000005,220.291,327.04400000000004,2.94352197094216,762000000.0,218000.0,,1.3457717330498,557000000.0,24/03/2020,Full,3.72,2.25,2.86,5.56,5.0,2.94,Authoritarian,4.82,10.81,23.9,28.46,36.83
3,AIA,North America,Anguilla,2020-06-23,3.0,0.0,199.97299999999998,,,,,,,,,,,,,,,,,,,,,,,,,,,,,,,,,,,,,,,,,,,,,,,,,,,,,
4,ALB,Europe,Albania,2020-06-23,1995.0,44.0,693.238,8.642999999999999,11803.431,1.1,304.195,10.08,7.1,51.2,,12.16,52.9,,4.145237935948391,4.4025148702460495,4860.0,13820.0,13933199599.7948,39612746974.6105,104.61226277372299,2866376.0,28750.0,,,80.167,76.816,27.9,45.2529983520508,42.63100051879879,11.8,20.8,24.16,7.7,49.486000000000004,93.315,25.5314674703334,1750000000.0,5340000.0,5415000.0,48.1951679829468,2306000000.0,08/03/2020,Full,5.89,7.0,5.36,4.44,5.0,7.65,Hybrid regime,3.3,9.95,48.08,32.51,9.45
5,AND,Europe,Andorra,2020-06-23,855.0,52.0,11065.812,,,,109.135,7.97,29.0,37.8,,33.33,30.5,10.2571928501129,1.62934547096762,1.6227466770119,,,,,163.842553191489,77006.0,470.0,,,,,32.1,,,,,,,,,,,3042000.0,,,,16/03/2020,Full,,,,,,,,,,,,
6,ARE,Asia,United Arab Emirates,2020-06-23,45303.0,303.0,4580.502,0.526,67293.483,,317.84,17.26,1.2,37.4,,25.28,46.7,3.50889950990677,1.72634934292543,0.20793637115994604,40880.0,67870.0,393687216384.53796,653689900188.832,135.609110109828,9630959.0,83600.0,15.75,,79.164,77.133,22.5,96.26000213623051,95.97899627685551,,,,,44.863,69.555,,17999000000.0,21286000.0,18904000.0,,21390000000.0,24/03/2020,Full,2.76,0.0,3.93,2.22,5.0,2.65,Authoritarian,,,,,
7,ARG,South America,Argentina,2020-06-23,44918.0,1043.0,993.8539999999999,7.441,18933.907,0.6,191.032,5.5,16.2,27.7,,39.9,58.6,8.41735973954201,-2.4817924450927404,-3.4673762431443196,12390.0,22470.0,551170581779.708,999570543746.213,16.2585100979651,44494502.0,2780400.0,33.1800003051758,,79.863,73.082,38.9,77.431999206543,72.2939987182617,,11.125,10.025,2.6,79.483,147.086,15.093929189435999,13092000000.0,6942000.0,11130000.0,7.810454221768791,5999000000.0,20/03/2020,Full,7.02,9.17,5.36,6.11,6.25,8.24,Flawed democracy,3.26,17.63,42.3,29.05,11.01
8,ARM,Asia,Armenia,2020-06-23,20588.0,360.0,6947.814,7.571000000000001,8787.58,1.8,341.01,7.11,1.5,52.1,94.04299999999999,44.02,50.2,10.186804085969907,5.19999999965322,4.95169918007964,4230.0,13190.0,12474731643.2005,38944309505.1845,103.68022479803301,2951776.0,29740.0,,,78.354,71.215,18.1,61.2089996337891,58.7350006103516,,13.62,16.119999999999994,3.4800000000000004,65.595,173.428,21.933781319288997,1458000000.0,1652000.0,1623000.0,26.317195576268603,1237000000.0,24/03/2020,Full,5.54,7.5,5.36,6.11,3.13,5.59,Hybrid regime,3.54,15.19,36.17,32.3,16.34
9,ATG,North America,Antigua and Barbuda,2020-06-23,26.0,3.0,265.501,4.631,21490.943,,191.511,13.17,,,,29.56,29.0,4.85242560505867,7.3891971623235095,6.430026467107201,15890.0,20520.0,1530376688.8429198,1975849824.9485602,218.83181818181802,96286.0,440.0,,,77.983,75.721,11.1,,,,,,,83.13600000000001,126.917,10.134036918054,113000000.0,269000.0,,84.3106823458553,971000000.0,,None,,,,,,,,,,,,
10,AUS,Oceania,Australia,2020-06-23,7474.0,102.0,293.099,10.129,44648.71,0.5,107.791,5.07,13.0,16.5,,36.78,75.5,9.102673083543777,2.94033358170461,1.3711444953559597,53250.0,49440.0,1330436971362.72,1235210799693.42,3.24787091037205,24982688.0,7741220.0,,,84.9,80.7,28.7,88.0240020751953,79.6510009765625,,13.875,1.0,0.1,,,13.6525023236232,42351000000.0,9246000.0,11403000.0,14.4597046066668,47327000000.0,24/03/2020,Full,9.09,10.0,8.93,7.78,8.75,10.0,Full democracy,2.5,24.34,49.95,22.44,3.27
11,AUT,Europe,Austria,2020-06-23,17320.0,690.0,1923.0770000000002,13.748,45436.685999999994,0.7,145.183,6.35,28.4,30.9,,51.7,58.5,10.36748364567756,2.4197636378075202,1.92211865205813,49350.0,56720.0,436266719832.367,501391213443.661,107.127966860564,8840521.0,83879.00390625,28.8600006103516,,84.0,79.4,34.4,90.5849990844727,85.7409973144531,,,,,,,6.011423008614591,14256000000.0,30816000.0,11883000.0,10.0119483521856,25411000000.0,16/03/2020,Full,8.29,9.58,7.86,8.33,6.88,8.82,Full democracy,2.27,36.34,44.52,17.06,2.08
12,AZE,Asia,Azerbaijan,2020-06-23,13207.0,161.0,1302.5710000000001,3.8710000000000004,15847.419,,559.812,7.11,0.3,42.5,83.241,34.46,34.2,6.110159382224082,1.41287352692132,0.5378178996669191,4050.0,13780.0,40259865257.7429,136981821074.384,120.234667956937,9939800.0,86600.0,,,75.336,70.345,16.8,26.9309997558594,36.3569984436035,,9.183333333333334,21.816666666666666,8.083333333333334,89.073,149.499,13.8546875412132,2453000000.0,2633000.0,3919000.0,11.104800950759302,2830000000.0,02/03/2020,Full,2.75,0.5,3.21,2.78,3.75,3.53,Authoritarian,4.55,6.77,20.86,44.69,27.68
13,BDI,Africa,Burundi,2020-06-23,144.0,1.0,12.11,1.504,702.225,71.7,293.068,6.05,,,6.144,1.0,22.8,7.324026525020601,1.6099330823452198,-1.55740735383216,280.0,780.0,3136470012.17088,8735142928.3698,435.17827102803705,11175378.0,27830.0,,,63.031000000000006,59.435,36.4,3.14000010490417,7.750999927520749,,1.775,57.6,32.25,253.135,310.651,2.54060975902162,23000000.0,,,1.3679147957593603,3900000.0,,,2.15,0.0,0.07,3.33,5.0,2.35,Authoritarian,4.83,6.04,25.17,31.72,37.07
14,BEL,Europe,Belgium,2020-06-23,60550.0,9696.0,5224.504,12.849,42658.575999999994,0.2,114.898,4.29,25.1,31.4,,30.71,61.0,10.34148216247558,1.45840535284985,0.9428452679370452,45870.0,52590.0,524407874219.178,601270822533.0961,377.58441215323603,11433256.0,30530.0,33.4500007629395,,83.9,79.4,38.0,89.2870025634766,83.1009979248047,,,,,49.245,80.262,4.637166279472161,20830000000.0,9119000.0,13098000.0,2.3150175716463797,10381000000.0,17/03/2020,Full,7.64,9.58,8.21,5.0,6.88,8.53,Flawed democracy,2.32,34.05,46.5,17.26,2.19
15,BEN,Africa,Benin,2020-06-23,807.0,13.0,66.567,1.942,2064.236,49.6,235.84799999999998,0.99,0.6,12.3,11.035,0.79,28.8,3.8236450403928743,6.69725946087986,3.818777310836,1200.0,3200.0,13735899664.4805,36807560719.8431,101.853919829727,11485048.0,114760.0,,,63.003,59.913999999999994,7.2,5.0479998588562,16.370000839233402,30.6,2.275,35.375,20.125,211.00799999999998,258.647,,,295000.0,,,,,None,5.09,4.67,5.71,4.44,5.63,5.0,Hybrid regime,5.19,9.78,23.56,29.1,37.56
16,BES,North America,Bonaire Sint Eustatius and Saba,2020-06-23,7.0,0.0,266.962,,,,,,,,,,,,,,,,,,,,,,,,,,,,,,,,,,,,,,,,,,,,,,,,,,,,,
17,BFA,Africa,Burkina Faso,2020-06-23,907.0,53.0,43.39,1.358,1703.102,43.7,269.048,2.42,1.6,23.9,11.877,0.85,30.1,6.326977238059041,6.83238810300897,3.8129120222439403,670.0,1890.0,13256859813.9411,37372210558.3988,72.1912828947368,19751535.0,274220.0,,,61.863,60.361000000000004,11.0,9.586000442504881,15.1780004501343,,2.2500000000000004,33.346153846153854,25.076923076923073,228.16,260.379,,,144000.0,,,,21/03/2020,Full,4.04,3.92,2.71,4.44,5.0,4.12,Hybrid regime,5.92,6.64,19.51,27.4,46.46
18,BGD,Asia,Bangladesh,2020-06-23,115786.0,1502.0,703.057,3.262,3523.9840000000004,14.8,298.003,8.38,1.0,44.7,34.808,5.81,35.0,2.4097004160285005,7.86370889257542,6.73701752220683,1750.0,4760.0,282036256832.37396,767585094798.94,1239.5793116693599,161356039.0,147630.0,,,74.291,70.637,20.3,31.7159996032715,43.4010009765625,,0.9625000000000002,54.22916666666666,46.26666666666666,114.505,151.411,1.8435684287791598,1208000000.0,,,0.8082625792002891,357000000.0,19/03/2020,Full,5.88,7.83,6.07,6.11,4.38,5.0,Hybrid regime,4.47,1.74,29.71,45.59,22.96
19,BGR,Europe,Bulgaria,2020-06-23,3984.0,207.0,573.366,13.272,18563.307,1.5,424.68800000000005,5.81,30.1,44.4,,40.33,45.6,8.179084956645966,3.08115723374425,3.82817987786268,8860.0,22650.0,62262010776.1635,159112124919.56,64.7110998526161,7025037.0,111000.0,39.279998779296896,,78.4,71.5,23.8,91.3990020751953,85.70899963378909,,9.0,7.466666666666666,2.0,,,5.41494713377715,2247000000.0,9273000.0,6699000.0,11.672969963045599,5072000000.0,13/03/2020,Full,7.03,9.17,6.43,7.22,4.38,7.94,Flawed democracy,2.34,30.53,50.97,16.62,1.89
20,BHR,Asia,Bahrain,2020-06-23,22407.0,65.0,13168.326000000001,1.3869999999999998,43290.705,,151.689,16.52,5.8,37.6,,9.26,39.4,4.659791961312296,1.77672835806486,-3.11062510562859,21890.0,44700.0,34361641288.613,70147180715.3774,2017.27369979138,1569439.0,778.000030517578,,,78.285,76.312,7.5,96.8560028076172,97.3420028686523,,7.5,13.75,6.949999999999998,56.217,72.07300000000001,14.7975308883519,4023000000.0,12045000.0,2868000.0,12.7386670908223,3834000000.0,25/02/2020,Full,2.55,0.83,2.71,2.78,4.38,2.06,Authoritarian,,,,,
21,BHS,North America,Bahamas,2020-06-23,104.0,11.0,264.464,5.2,27717.847,,235.954,13.17,3.1,20.4,,20.07,30.6,5.89216500520706,1.5657599356823901,0.544150188792798,30520.0,34370.0,11771631209.2318,13253841887.3161,38.5254745254745,385640.0,13880.0,,,75.911,71.499,12.8,91.74099731445308,80.6050033569336,,,,,116.81299999999999,193.627,10.4405650141285,536000000.0,1633000.0,,77.246799590927,3383000000.0,20/03/2020,Full,,,,,,,,3.4,17.73,40.33,29.15,12.79
22,BIH,Europe,Bosnia and Herzegovina,2020-06-23,3524.0,170.0,1074.123,10.710999999999999,11713.895,0.2,329.635,10.08,30.2,47.7,97.164,21.62,42.8,9.292226433753967,3.62354616011993,4.48391430484476,5740.0,14920.0,19077996552.0445,49589065144.2415,64.92048828125,3323929.0,51210.0,26.1200008392334,,79.72,74.752,21.4,78.9000015258789,78.4830017089844,,,,,59.775,115.27799999999999,3.1772911060705202,366000000.0,1053000.0,,12.7259930289803,1081000000.0,11/03/2020,Full,4.86,6.17,2.93,5.56,3.75,5.88,Hybrid regime,,,,,
23,BLR,Europe,Belarus,2020-06-23,59023.0,351.0,6246.269,9.788,17167.967,,443.129,5.18,10.5,46.1,,51.91,35.3,5.79703778028488,3.14919759374963,3.3097921066474103,5700.0,18650.0,54079877293.493,176904789752.775,46.719503788420404,9483499.0,207600.0,,45.5,79.4,69.2,34.5,97.23300170898442,94.4300003051758,,9.7,4.5,1.3,,,2.80366823339873,1159000000.0,11501600.0,836000.0,2.88872380393586,1221000000.0,,None,2.48,0.92,2.0,2.78,4.38,2.35,Authoritarian,2.43,29.65,49.99,18.26,2.09
24,BLZ,North America,Belize,2020-06-23,23.0,2.0,57.843999999999994,2.279,7824.361999999999,,176.957,17.11,,,90.083,11.23,31.8,5.802941843867301,3.03540365708952,1.07136952894078,4470.0,6650.0,1713221353.46156,2546778953.1995397,16.7939938623411,383071.0,22970.0,,,77.666,71.579,9.4,67.69400024414061,66.45400238037111,,9.6,18.766666666666666,5.300000000000002,117.655,213.827,4.43403657873265,50000000.0,489000.0,,45.20635650653689,487000000.0,30/03/2020,Full,,,,,,,,,,,,
25,BMU,North America,Bermuda,2020-06-23,146.0,9.0,2344.515,,50669.315,,139.547,13.0,,,,,,,,,,,,,1184.68516426289,63973.0,4290.0,,,85.57,77.92,,,,,,,,,,16.0281381701015,340000000.0,282000.0,,36.9476958882668,583000000.0,,,,,,,,,,2.26,34.09,48.39,15.81,1.7
26,BOL,South America,Bolivia,2020-06-23,25493.0,820.0,2183.923,4.393,6885.829000000001,7.1,204.299,6.89,,,25.383000000000003,15.9,35.8,6.322618722915652,4.22362493214148,2.7521559420484,3370.0,8640.0,38203746852.0562,98123531985.4687,10.4801458506416,11353142.0,1098580.0,30.440000534057603,,74.209,68.434,53.1,27.753999710082997,34.4020004272461,,,,,138.315,219.19400000000002,8.68694235813675,1081000000.0,1142000.0,1060000.0,9.368913980167509,970000000.0,12/03/2020,Full,4.84,4.75,3.93,5.0,3.75,6.76,Hybrid regime,3.53,20.34,34.82,27.64,17.2
27,BRA,South America,Brazil,2020-06-23,1106470.0,51271.0,5205.462,5.06,14103.452,3.4,177.96099999999998,8.11,10.1,17.9,,21.64,59.7,8.783406764268875,1.31722399870793,0.526155826049262,9080.0,14530.0,1902286218698.39,3043389014136.97,25.061716243087602,209469333.0,8515770.0,38.720001220703104,,79.362,72.024,10.7,72.96099853515629,63.00199890136721,,6.25,13.133333333333333,3.925,91.421,188.528,8.62714428399348,22229000000.0,6621000.0,10628000.0,2.29983252453008,6324000000.0,,None,6.86,9.58,5.36,6.11,5.0,8.24,Flawed democracy,3.31,12.0,47.27,31.91,8.82
28,BRB,North America,Barbados,2020-06-23,97.0,7.0,337.543,9.472999999999999,16978.068,,170.05,13.57,1.9,14.5,88.469,24.84,31.9,7.060834467411044,-0.49842886553256,-0.640057735871636,15410.0,14140.0,4417327947.214479,4052250190.62518,666.606976744186,286641.0,430.0,,,80.392,77.682,20.0,88.1790008544922,78.5989990234375,,12.2,7.7,3.5,91.939,129.531,,,680000.0,,,1125000000.0,28/03/2020,Full,,,,,,,,,,,,
29,BRN,Asia,Brunei,2020-06-23,141.0,3.0,322.298,2.3819999999999997,71809.25099999999,,201.285,12.79,2.0,30.9,,16.09,32.6,2.224253155291082,0.0522377907767719,-0.99478850862225,29660.0,62820.0,12722801416.9809,26948802801.1531,81.39696394686909,428962.0,5770.0,,,76.96,74.593,9.1,91.5179977416992,90.8259963989258,,,,,98.803,143.719,10.2962198251364,585000000.0,278000.0,,2.6985038850586496,190000000.0,,None,,,,,,,,,,,,
30,BTN,Asia,Bhutan,2020-06-23,69.0,0.0,89.42299999999999,2.977,8708.597,1.5,217.06599999999997,9.75,,,79.807,4.24,40.3,3.4846045076847063,3.02764059455085,1.82227316600887,2970.0,10580.0,2239474150.18651,7978402264.416471,19.7775277714448,754394.0,38393.9990234375,,,71.816,71.123,8.5,15.798999786377001,36.4459991455078,,5.1,44.25,17.8,194.72099999999998,197.28,6.265309933766019,79000000.0,274000.0,,15.5411911787977,121000000.0,06/03/2020,Full,5.3,8.75,6.79,2.78,4.38,3.82,Hybrid regime,,,,,
31,BWA,Africa,Botswana,2020-06-23,89.0,1.0,37.846,2.242,15807.374,,237.372,4.81,5.7,34.4,,5.27,31.1,5.848741903901098,4.45358456639946,2.18307407293796,7750.0,17460.0,17468902503.5229,39360046679.7724,3.9774248760432704,2254126.0,581730.0,,,72.04899999999999,66.204,9.5,68.63400268554689,73.7460021972656,,10.05,31.03333333333333,12.666666666666664,161.96200000000002,249.38400000000001,3.681548740744,269200000.0,,,7.8366555775719,575300000.0,02/04/2020,Full,7.81,9.17,7.14,6.11,7.5,9.12,Flawed democracy,3.52,27.89,32.32,20.48,19.31
32,CAF,Africa,Central African Republic,2020-06-23,2963.0,30.0,613.488,2.251,661.24,,435.727,6.1,,,16.602999999999998,0.72,27.3,5.221772640943526,3.7894435927546204,2.22474284797838,490.0,1030.0,2296440918.7681103,4793210255.96961,7.490412212270059,4666377.0,622980.0,,,54.99100000000001,50.648999999999994,8.6,3.8050000667572004,10.442999839782699,,,,,371.32300000000004,452.968,,,,,,,,None,1.32,1.25,0.0,1.11,1.88,2.35,Authoritarian,4.91,13.5,28.08,23.94,34.48
33,CAN,North America,Canada,2020-06-23,101637.0,8436.0,2692.93,10.797,44017.59099999999,0.5,105.59899999999999,7.37,12.0,16.6,,23.11,75.3,10.42085975408554,1.89697475634192,0.482418663130375,44950.0,49430.0,1665565135891.87,1831814016986.75,4.07518823864492,37057765.0,9984670.0,,,84.1,79.9,27.0,87.8830032348633,81.7539978027344,,10.4,,,,,5.748451006283999,33581000000.0,21134000.0,26033000.0,3.99272696039482,21978000000.0,12/03/2020,Full,9.22,9.58,9.64,7.78,9.38,9.71,Full democracy,2.45,28.2,49.59,19.2,3.02
34,CHE,Europe,Switzerland,2020-06-23,31310.0,1680.0,3617.722,12.644,57410.166,,99.73899999999999,5.59,22.6,28.9,,42.96,67.0,11.85202941298484,2.75051698095396,2.00960569244847,84450.0,70140.0,718905345464.828,597120517941.947,215.437463043118,8513227.0,41290.400390625,31.600000381469698,,85.6,81.6,32.5,87.3809967041016,83.40699768066409,,,,,,,5.436047516233129,20722000000.0,10362000.0,15285000.0,4.38504393766401,20276000000.0,18/03/2020,Full,9.03,9.58,9.29,7.78,9.38,9.12,Full democracy,2.24,35.98,44.59,17.77,1.66
35,CHL,South America,Chile,2020-06-23,246963.0,4502.0,12919.036,6.938,22767.037,1.3,127.993,8.46,34.2,41.5,,25.91,58.3,8.211135417222978,4.02465296525456,2.5876764943491297,14670.0,23750.0,274752205940.077,444762383714.834,25.189446066651897,18729160.0,756700.0,,,82.381,77.55199999999999,22.6,74.41600036621091,71.7829971313477,,11.313333333333334,3.453333333333333,0.7466666666666666,59.035,107.669,3.62835496442146,3086000000.0,5723000.0,3825000.0,4.633421786005769,3972000000.0,26/03/2020,Full,8.08,9.58,8.57,5.0,8.13,9.12,Full democracy,3.57,11.61,39.41,37.07,11.91
36,CHN,Asia,China,2020-06-23,84624.0,4639.0,58.794,5.928999999999999,15308.712,0.7,261.899,9.74,1.9,48.4,,19.8,48.2,4.901009276509286,6.56697385961871,6.08224115521752,9460.0,15320.0,13181372605622.5,21334175836880.4,148.348833270666,1392730000.0,9562910.0,,,79.051,74.54899999999999,24.9,50.040000915527294,55.3330001831055,,7.027272727272727,20.6,7.900000000000001,60.272,93.777,10.8847797754834,277345000000.0,62900000.0,149720000.0,1.52341960462756,40386000000.0,23/01/2020,Full,2.26,0.0,4.29,3.33,2.5,1.18,Authoritarian,3.38,8.59,48.82,35.47,7.12
37,CIV,Africa,Cote d'Ivoire,2020-06-23,7492.0,54.0,284.022,1.5819999999999999,3601.006,28.2,303.74,2.42,,,19.351,2.31,35.5,4.741506129503252,7.433071624644571,4.72569209854963,1600.0,3660.0,40218176717.5251,91791657140.5499,78.8340534591195,25069229.0,322460.0,,,58.74100000000001,56.251000000000005,10.6,17.080999374389602,33.8720016479492,,,,,325.098,360.55199999999996,,,1965000.0,,,,,,4.05,4.33,2.86,3.33,5.63,4.12,Hybrid regime,5.09,12.18,24.73,25.87,37.22
38,CMR,Africa,Cameroon,2020-06-23,11892.0,303.0,447.97900000000004,1.919,3364.926,23.8,244.66099999999997,7.2,,,2.735,0.88,34.4,4.617345705628397,4.06240531944661,1.37919198196641,1440.0,3610.0,36356256723.8828,91110890394.5081,53.3439889149796,25216237.0,475440.0,,,60.192,57.656000000000006,31.1,14.1590003967285,31.1569995880127,,8.042857142857143,33.74285714285714,14.685714285714285,281.332,317.692,10.863748398997,915000000.0,,,8.66995237929682,633000000.0,,None,2.85,1.67,2.5,3.33,4.38,2.35,Authoritarian,4.99,15.14,22.69,24.44,37.72
39,COD,Africa,Democratic Republic of Congo,2020-06-23,5925.0,135.0,66.156,1.745,808.133,77.1,318.949,6.1,,,4.4719999999999995,0.74,26.5,3.870529532432556,5.757932738274519,2.39991066397216,490.0,1070.0,41538869211.4581,90136750718.699,37.0825923557045,84068091.0,2344860.0,,,61.901,58.852,8.9,8.6560001373291,27.3409996032715,,,,,224.637,273.573,0.646996731516002,115000000.0,,,0.376205306165348,60500000.0,,,1.13,0.0,0.0,1.67,3.13,0.88,Authoritarian,5.3,7.25,21.19,27.81,43.74
40,COG,Africa,Congo,2020-06-23,1087.0,37.0,196.988,2.063,4881.406,37.0,344.094,7.2,1.7,52.3,47.964,1.65,23.6,2.9656932130455957,1.0255542074700101,-1.5492440284501001,1640.0,3000.0,8613989208.89088,15739120784.6121,15.3568462664715,5244363.0,342000.0,,,65.703,62.836999999999996,11.3,8.75699996948242,36.25,,,,,240.201,279.572,,,156000.0,,,,,,3.11,2.17,2.5,3.89,3.75,3.24,Authoritarian,4.31,13.09,29.9,29.08,27.94
41,COL,South America,Colombia,2020-06-23,71183.0,2310.0,1398.9579999999999,4.312,13254.948999999999,4.5,124.24,7.44,4.7,13.5,65.38600000000001,21.85,44.2,7.229332476854323,2.5692209880733503,1.02471485612077,6180.0,14310.0,306905190832.81,710321619838.621,44.7487021180712,49648685.0,1141748.984375,,,79.859,74.33,18.1,50.9850006103516,46.9169998168945,,4.783333333333333,18.214285714285715,5.8571428571428585,77.999,151.616,8.92578599998057,5625000000.0,3904000.0,4368000.0,12.232457450062402,6617000000.0,25/03/2020,Full,7.13,9.17,6.79,5.56,5.63,8.53,Flawed democracy,3.53,11.13,42.41,34.8,11.66
42,COM,Africa,Comoros,2020-06-23,247.0,5.0,284.04,1.726,1413.89,18.1,261.51599999999996,11.88,4.4,23.6,15.574000000000002,2.72,27.2,7.5995607674121874,3.43076413622954,1.14050990405651,1380.0,3160.0,1145390532.21578,2629907388.7251,447.24447754022697,832322.0,1861.0000610351601,,,65.9,62.398999999999994,6.1,17.7709999084473,40.9900016784668,,,,,194.435,245.52700000000002,12.836934747755802,45000000.0,35900.0,,50.435115974049104,76700000.0,,,3.15,2.08,2.21,3.89,3.75,3.82,Authoritarian,5.37,4.91,22.92,28.71,43.46
43,CPV,Africa,Cape Verde,2020-06-23,944.0,8.0,1697.878,3.437,6222.554,,182.21900000000002,2.42,2.1,16.5,,7.81,29.3,5.08890338242054,5.07755082887782,3.86593584728266,3420.0,6900.0,1859911111.20433,3752746269.03999,134.92977667493798,543767.0,4030.0,,,76.007,69.316,23.6,51.2760009765625,68.3690032958984,,,,,85.514,182.203,7.256545194715461,97000000.0,710000.0,,54.09647196779739,524000000.0,,,7.78,9.17,7.36,6.67,6.88,8.82,Flawed democracy,,,,,
44,CRI,North America,Costa Rica,2020-06-23,2277.0,12.0,446.986,5.694,15524.995,1.3,137.97299999999998,8.78,6.4,17.4,83.84100000000001,28.94,45.1,7.687039822340012,2.63398496797504,1.61806178494115,11520.0,18670.0,57572716407.2607,93354000498.6141,97.91306306306309,4999441.0,51100.0,,,82.73,77.539,45.6,77.0250015258789,73.56300354003909,,8.8,6.9,2.2375000000000003,56.968999999999994,113.079,5.8792643364262105,1162000000.0,3017000.0,1079000.0,19.4270741209992,3995000000.0,15/03/2020,Full,8.13,9.58,7.5,6.67,7.5,9.41,Full democracy,3.46,11.23,42.7,35.83,10.25
45,CUB,North America,Cuba,2020-06-23,2315.0,85.0,204.386,9.719,,,190.968,8.27,17.1,53.3,85.198,84.22,35.2,11.86306431889536,2.24848039303581,2.2585896849249,,,,,108.99959623149401,11338138.0,109880.0,,,80.706,76.763,53.2,87.2099990844727,64.4219970703125,,,7.0,3.4,73.993,113.198,,,4684000.0,,,2969000000.0,,None,2.84,0.0,3.57,3.33,4.38,2.94,Authoritarian,3.14,13.73,49.55,30.23,6.5
46,CUW,North America,Curacao,2020-06-23,23.0,1.0,140.158,10.068,,,,11.62,,,,,,,-2.16613204691582,-1.93654693751401,,,,,,159800.0,,,,,,,,,,,,,63.365,130.145,18.9290316969616,535000000.0,432000.0,,31.4946546770122,605000000.0,,,,,,,,,,,,,,
47,CYM,North America,Cayman Islands,2020-06-23,195.0,1.0,2967.133,,49903.029,,,13.22,,,,,,,,,,,,,267.391666666667,64174.0,260.0,,,,,,,,,,,,,,,,463000.0,,,880000000.0,,,,,,,,,,,,,,
48,CYP,Europe,Cyprus,2020-06-23,988.0,19.0,1127.984,8.562999999999999,32415.132,,141.171,9.24,19.6,52.7,,19.51,43.0,6.79262548685074,4.06019176189083,2.79853064701692,28570.0,39880.0,24858679564.5598,35910212777.3666,128.708333333333,1189265.0,9250.0,,,82.913,78.735,17.9,89.87000274658199,84.056999206543,,,,,32.883,64.711,8.61809977457805,1551000000.0,3939000.0,1446000.0,18.9232403187276,3449000000.0,25/03/2020,Full,7.59,9.17,6.43,6.67,6.88,8.82,Flawed democracy,2.76,20.76,49.14,26.04,4.06
49,CZE,Europe,Czech Republic,2020-06-23,10561.0,336.0,986.182,11.58,32605.906000000003,,227.485,6.82,30.5,38.3,,41.21,52.0,7.4166950583457965,2.95778447296561,2.6140406798801203,20230.0,38180.0,215038293241.315,405815680957.096,137.657705257705,10629928.0,78870.0,26.6299991607666,,82.0,76.1,22.0,87.5849990844727,79.431999206543,,,,,,,3.44128525812406,6074000000.0,10611000.0,7390000.0,4.3289612717284305,8291000000.0,,,7.69,9.58,6.79,6.67,6.88,8.53,Flawed democracy,2.4,27.28,51.34,20.37,1.02
50,DEU,Europe,Germany,2020-06-23,190862.0,8895.0,2278.026,15.957,45229.245,,156.139,8.31,28.2,33.1,,42.49,66.0,11.07157543301582,1.5274462983098103,1.2227872325513502,47110.0,55980.0,3905321667025.8,4641067663123.45,237.30759674834,82905782.0,357580.0,28.5799999237061,,83.4,78.7,30.7,92.71099853515629,87.8259963989258,,3.35,1.5,0.8,,,6.38584147088565,104204000000.0,38881000.0,108542000.0,3.21061326385825,60260000000.0,20/03/2020,Full,8.68,9.58,8.57,8.33,7.5,9.41,Full democracy,2.05,39.53,47.0,12.71,0.76
51,DJI,Africa,Djibouti,2020-06-23,4599.0,48.0,4654.849,2.38,2705.406,22.5,258.03700000000003,6.05,1.7,24.5,,2.24,23.2,3.9383959025144577,5.46019075866732,3.82998551984062,3190.0,5400.0,3063660865.49052,5181369318.92406,41.368421052631604,958920.0,23200.0,,,68.778,64.62899999999999,26.2,44.433998107910206,57.9710006713867,,8.25,30.075000000000006,22.625,178.345,232.137,0.5323502546798771,22300000.0,,,1.2493790129821398,57000000.0,,None,2.77,0.42,1.29,3.89,5.63,2.65,Authoritarian,,,,,
52,DMA,North America,Dominica,2020-06-23,18.0,0.0,250.03099999999998,,9673.367,,227.37599999999998,11.62,,,,11.19,24.0,5.451088473200798,2.26457023430542,2.02613137595806,7090.0,10900.0,508130318.140223,780657964.468475,95.5,71625.0,750.0,,,,,25.0,,,,,,,,,6.95363495546831,30000000.0,63000.0,,68.538006850991,111000000.0,,None,,,,,,,,,,,,
53,DNK,Europe,Denmark,2020-06-23,12527.0,602.0,2162.735,12.325,46682.515,0.2,114.76700000000001,6.41,19.3,18.8,,40.1,70.4,10.17163306474686,2.3913296854181696,1.88489021571982,60170.0,57980.0,348630649463.169,335929123705.25397,137.976565849012,5793636.0,42920.0,26.989999771118196,,83.4,79.4,37.4,94.8290023803711,89.3199996948242,,,,,,,5.9414777290166,10485000000.0,12749000.0,7475000.0,4.5977543727180805,9097000000.0,11/03/2020,Full,9.22,10.0,9.29,8.33,9.38,9.12,Full democracy,,,,,
54,DOM,North America,Dominican Republic,2020-06-23,27370.0,669.0,2523.0679999999998,4.419,14600.861,1.6,266.653,8.2,8.5,19.1,55.181999999999995,15.27,38.3,5.9653552621603,6.98252758438241,5.83455956557802,7760.0,17330.0,82507627531.8255,184145702605.61,219.97857586421,10627165.0,48670.0,44.790000915527294,,77.196,70.805,26.8,69.495002746582,47.675998687744105,,,,,114.55,197.34900000000002,4.05381363470776,957000000.0,6569000.0,514000.0,37.446079329625505,7561000000.0,17/03/2020,Full,6.54,9.17,5.36,6.11,5.0,7.06,Flawed democracy,3.48,14.33,39.85,33.08,12.73
55,DZA,Africa,Algeria,2020-06-23,11920.0,852.0,271.829,3.8569999999999998,13913.839,0.5,278.36400000000003,6.73,0.7,30.4,83.741,17.19,23.6,6.507923826575279,1.39999999999998,-0.615183264336011,,,,,17.7300750711665,42228429.0,2381740.0,,,77.938,75.494,25.8,74.640998840332,67.15200042724611,,12.833333333333336,19.571428571428573,7.3428571428571425,80.672,102.851,,,2657000.0,5610000.0,,,24/03/2020,Full,4.01,3.08,2.86,5.0,5.0,4.12,Hybrid regime,,,,,
56,ECU,South America,Ecuador,2020-06-23,50640.0,4223.0,2870.25,4.458,10581.936000000002,3.6,140.44799999999998,5.55,2.0,12.3,80.635,20.37,50.1,8.46459120512009,1.37712702988119,-0.39708990280324497,6110.0,11530.0,104382965825.259,197050779704.73102,68.7886817522951,17084357.0,256370.0,35.2599983215332,,79.645,74.058,38.0,41.1240005493164,56.176998138427706,,5.7200000000000015,28.75,8.316666666666666,88.072,161.14,3.9674322770849297,1043000000.0,2535000.0,1402000.0,7.4011849005564105,1878000000.0,24/03/2020,Partial,6.33,8.75,5.36,6.11,4.38,7.06,Flawed democracy,3.78,12.12,35.91,35.49,16.48
57,EGY,Africa,Egypt,2020-06-23,56809.0,2278.0,555.131,2.891,10550.206,1.3,525.432,17.31,0.2,50.1,89.82700000000001,4.52,39.9,5.066630691289902,5.3141210374639805,3.19443129839827,2800.0,11350.0,275406313177.971,1117283014134.54,98.8734692852479,98423595.0,1001450.0,,,74.16199999999999,69.59899999999999,14.9,63.8860015869141,69.588996887207,,13.7625,28.5,8.639999999999999,105.456,182.7,3.79545671908511,2897000000.0,11196000.0,,24.6108510877487,12704000000.0,24/03/2020,Full,3.06,2.67,3.21,3.33,3.75,2.35,Authoritarian,4.13,6.48,30.4,43.12,20.0
58,ERI,Africa,Eritrea,2020-06-23,143.0,0.0,40.321999999999996,2.171,1510.4589999999998,,311.11,6.05,0.2,11.4,,0.63,22.4,2.859204113483428,,,,,,,,,117600.0,,,68.16199999999999,63.79,22.0,6.861999988555911,18.2670001983643,,1.6666666666666667,53.225,37.55,202.445,276.241,,,,,,,,None,2.37,0.0,2.14,1.67,6.88,1.18,Authoritarian,,,,,
59,ESH,Africa,Western Sahara,2020-06-23,25.0,1.0,41.853,1.38,,,,,,,,,,,,,,,,,,,,,,,,,,,,,,,,,,,,,,,,,,,,,,,,,,,,
60,ESP,Europe,Spain,2020-06-22,246504.0,28324.0,5272.273,13.799000000000001,34272.36,1.0,99.40299999999999,7.17,27.4,31.4,,38.72,65.9,8.999511450529095,2.3510081314050497,1.90635198039159,29300.0,40570.0,1370987721910.85,1898750653984.1,93.6747673244434,46796540.0,505935.0,31.899999618530302,,86.1,80.7,39.1,88.19400024414058,80.5899963378906,,,,,,,5.798681209314901,26670000000.0,82773000.0,19116000.0,16.3031973538393,81250000000.0,14/03/2020,Full,8.29,9.58,7.14,7.78,8.13,8.82,Full democracy,2.69,19.06,53.4,25.56,1.98
61,EST,Europe,Estonia,2020-06-23,1981.0,69.0,1493.36,13.491,29481.252,0.5,255.56900000000002,4.02,24.5,39.3,,44.83,57.0,6.28912940621376,4.76115846853359,4.39718239266693,21130.0,35340.0,27929605146.9101,46721739814.2123,30.411249137336103,1321977.0,45340.0,33.240001678466804,,83.0,74.3,26.7,93.1660003662109,85.65899658203129,,,,,,,7.59774586816587,1651000000.0,3234000.0,2069000.0,10.222800351730198,2332000000.0,13/03/2020,Full,7.9,9.58,7.86,6.67,6.88,8.53,Flawed democracy,2.3,33.9,47.28,17.14,1.67
62,ETH,Africa,Ethiopia,2020-06-23,4663.0,75.0,40.561,2.063,1729.9270000000001,26.7,182.63400000000001,7.47,0.4,8.5,7.96,0.77,40.6,3.8814739882946023,6.810169390973161,4.0480702388884,790.0,2140.0,86692450686.6425,233775902434.847,109.22455900000001,109224559.0,1104300.0,,,68.165,64.35,38.8,10.4890003204346,15.5310001373291,,2.75,47.84285714285714,31.057142857142853,184.812,236.77900000000002,3.0744322898584,612700000.0,849000.0,,46.5352282793683,3548000000.0,16/03/2020,Full,3.44,0.42,3.57,5.56,5.0,2.65,Authoritarian,4.61,7.52,27.01,32.0,33.47
63,FIN,Europe,Finland,2020-06-23,7144.0,327.0,1289.364,13.264000000000001,40585.721,,153.507,5.76,18.3,22.6,,38.12,68.7,9.301035404205322,1.6714388807141498,1.53667022502736,48300.0,49720.0,266399244032.195,274209453914.73,18.1485472672831,5515525.0,338450.0,32.009998321533196,,84.6,79.2,42.0,90.77100372314449,83.1110000610352,,,,,44.026,89.21,6.65791433871501,7268000000.0,3224000.0,9450000.0,5.32031132660423,5663000000.0,27/03/2020,Full,9.25,10.0,8.93,8.89,8.75,9.71,Full democracy,2.07,41.01,44.46,12.97,1.57
64,FJI,Oceania,Fiji,2020-06-23,18.0,0.0,20.079,3.284,8702.975,1.4,412.82,14.49,10.2,34.8,,8.6,25.7,3.5440714657306662,3.52620937156848,2.82031929190161,5860.0,13180.0,5178577295.282411,11648368156.4784,48.3570333880679,883483.0,18270.0,,,69.178,65.641,16.0,50.9749984741211,57.4679985046387,,3.65,5.9,6.1,174.97,256.995,5.16959434299447,160000000.0,870000.0,174000.0,51.3240042282022,1370000000.0,20/03/2020,Full,5.85,6.58,5.36,6.11,5.63,5.59,Hybrid regime,4.57,5.94,30.1,34.31,29.64
65,FLK,South America,Falkland Islands,2020-06-23,13.0,0.0,3732.415,,,,,,,,,,,,,,,,,,,,,,,,,,,,,,,,,,,,,,,,,,,,,,,,,,,,,
66,FRA,Europe,France,2020-06-23,160750.0,29663.0,2462.714,13.079,38605.671,,86.06,4.77,30.1,35.6,,32.67,68.2,11.451549679040898,1.7248806271421102,1.5548311382972602,41090.0,47490.0,2752034676297.63,3180957643991.66,122.31988259783701,66977107.0,549086.9921875,34.5,,85.6,79.6,39.6,91.6230010986328,85.2740020751953,,,,,,,6.18840249891611,57925000000.0,89322000.0,26914000.0,8.077529005657789,73125000000.0,16/03/2020,Full,8.12,9.58,7.86,7.78,6.88,8.53,Full democracy,2.22,35.46,46.84,16.08,1.62
67,FRO,Europe,Faeroe Islands,2020-06-23,187.0,0.0,3826.87,,,,,,,,,,,,,,,,,,34.7399698278226,48497.0,1396.00006103516,,,84.7,80.5,,,,,,,,,,,,,,,,,,,,,,,,,,,,,
68,GAB,Africa,Gabon,2020-06-23,4739.0,39.0,2129.1910000000003,2.9760000000000004,16562.413,3.4,259.967,7.2,,,,6.82,20.0,2.7839146926999083,0.8358049694295029,-1.7550391882165899,6830.0,14110.0,14464235141.8192,29904623768.3195,8.224764233321691,2119275.0,267670.0,,,68.32300000000001,64.152,17.1,59.516998291015604,69.8519973754883,,6.6,21.45,7.7,182.317,238.333,,,,,,,,None,3.61,2.58,2.21,4.44,5.0,3.82,Authoritarian,4.1,22.42,28.48,22.5,26.6
69,GBR,Europe,United Kingdom,2020-06-23,305289.0,42647.0,4497.083,12.527000000000001,39753.244,0.2,122.137,4.28,20.0,24.7,,28.12,77.9,9.708006083965303,1.3856735695876201,0.773205672143604,41790.0,46240.0,2777405852071.53,3072868018494.61,274.70898193692403,66460344.0,243610.0,34.220001220703104,,83.2,79.6,32.2,89.0660018920898,81.2099990844727,,,,,,,7.52607101184695,68888000000.0,36316000.0,70386000.0,5.53975504904809,48515000000.0,18/03/2020,Full,8.52,9.58,7.5,8.89,7.5,9.12,Full democracy,2.35,30.58,49.67,17.5,2.24
70,GEO,Asia,Georgia,2020-06-23,911.0,14.0,228.368,10.244000000000002,9745.079,4.2,496.218,7.11,5.3,55.5,,71.2,52.0,8.157981485128401,4.800000000000139,4.840918286597191,4450.0,13980.0,16570957084.5388,52110174384.7776,65.2752020714511,3726549.0,69700.0,,,77.98899999999999,69.17399999999999,16.0,48.9809989929199,48.370998382568395,,19.53333333333333,14.0,2.0666666666666664,77.23,221.61,8.91481277731131,960000000.0,4757000.0,3698000.0,39.5431186389124,3518000000.0,22/03/2020,Partial,5.42,7.83,3.21,6.11,4.38,5.59,Hybrid regime,3.34,17.48,39.28,30.6,12.64
71,GGY,Europe,Guernsey,2020-06-23,252.0,13.0,3758.277,,,,,,,,,,,,,,,,,,,,,,,,,,,,,,,,,,,,,,,,,,,,,,,,,,,,,
72,GHA,Africa,Ghana,2020-06-23,14154.0,85.0,455.509,1.9480000000000002,4227.63,12.0,298.245,4.97,0.3,7.7,41.047,1.36,35.5,4.0138231962919235,6.26348073195742,3.95866714679696,2130.0,5220.0,63356193050.1889,155282342347.353,130.821429199262,29767108.0,238540.0,,,64.852,62.724,12.7,17.0620002746582,32.548999786377,,2.8222222222222224,29.477777777777785,17.244444444444444,214.333,254.99099999999999,5.723535956998591,1329000000.0,,,4.423765369745361,996000000.0,15/03/2020,Full,6.63,8.33,5.71,6.67,6.25,6.18,Flawed democracy,3.49,25.88,30.34,25.3,18.48
73,GIB,Europe,Gibraltar,2020-06-23,176.0,0.0,5223.947,,,,,,,,,,,,,,,,,,3371.8,33718.0,10.0,,,,,,,,,,,,,,,,,,,,,,,,,,,,,,,,,
74,GIN,Africa,Guinea,2020-06-23,4988.0,27.0,379.81300000000005,1.733,1998.9260000000002,35.3,336.717,2.42,,,17.45,0.83,32.7,4.7029611468315125,6.163853324672151,3.19829412987171,850.0,2510.0,10587615429.2448,31200835313.6349,50.5222122741332,12414318.0,245860.0,,,61.666000000000004,60.477,21.9,3.1689999103546103,14.8219995498657,,4.333333333333333,34.2375,19.262500000000006,232.889,260.356,9.93625035529261,416000000.0,,,0.188629788318182,7700000.0,,None,3.14,3.5,0.43,4.44,4.38,2.94,Authoritarian,6.25,4.53,16.91,27.52,51.04
75,GMB,Africa,Gambia,2020-06-23,41.0,2.0,16.965999999999998,1.4169999999999998,1561.767,10.1,331.43,1.91,0.7,31.2,7.876,1.02,34.2,3.37175641208887,6.54702656494995,3.45318886171901,710.0,2160.0,1616308775.08728,4918586837.98116,225.30652173912998,2280102.0,11300.0,,16.8,63.151,60.361999999999995,10.3,15.5600004196167,34.1139984130859,,,,,224.40599999999998,279.95099999999996,1.6743227707868702,10400000.0,552000.0,,48.269486501921705,168000000.0,27/03/2020,Full,4.33,4.0,4.29,3.33,5.63,4.41,Hybrid regime,8.23,8.39,12.96,17.23,61.42
76,GNB,Africa,Guinea-Bissau,2020-06-23,1556.0,19.0,790.6510000000001,1.565,1548.675,67.1,382.474,2.42,,,6.403,1.27,20.0,8.049256205558777,3.79999999203385,1.24347414723864,750.0,1990.0,1396396698.39711,3737082710.89051,66.6539473684211,1874309.0,36130.0,,,59.913000000000004,55.965,13.7,14.5939998626709,30.114000320434602,,6.75,35.275,18.05,301.21,373.99,16.2559757349751,74600000.0,,,5.25980895623503,20000000.0,,None,2.63,4.92,0.0,2.78,3.13,2.35,Authoritarian,,,,,
77,GNQ,Africa,Equatorial Guinea,2020-06-23,2001.0,32.0,1426.245,1.7519999999999998,22604.873,,202.812,7.78,,,24.64,4.02,16.2,2.6496435701847085,-6.3563391129224005,-9.71677536516935,6650.0,15750.0,8710458124.52002,20614812135.6534,46.6657397504456,1308974.0,28050.0,,,59.586999999999996,57.41,20.0,8.36299991607666,17.2970008850098,,8.85,35.65,11.425,294.556,334.45300000000003,,,,,,,,None,1.92,0.0,0.43,3.33,4.38,1.47,Authoritarian,,,,,
78,GRC,Europe,Greece,2020-06-23,3287.0,190.0,315.35900000000004,14.524000000000001,24574.382,1.5,175.695,4.55,35.3,52.0,,54.79,53.8,8.155658096075054,1.93437082746027,2.15238791190716,19760.0,30430.0,212047073742.46103,326614921537.194,83.2562141194725,10731726.0,131960.0,30.5400009155273,45.9,83.9,78.8,18.7,71.61199951171879,62.9729995727539,,,,,42.478,93.96,4.55695193033916,3910000000.0,30123000.0,7961000.0,26.376696591266604,21594000000.0,18/03/2020,Full,7.43,9.58,4.86,6.67,7.5,8.53,Flawed democracy,2.44,27.48,49.84,21.26,1.42
79,GRD,North America,Grenada,2020-06-23,23.0,0.0,204.41,5.021,13593.877,,243.96400000000003,10.71,,,,14.07,27.5,4.913025349378588,4.17721518987342,3.63508314606946,9650.0,15620.0,1075324227.5829198,1740759888.23428,327.805882352941,111454.0,340.0,,,74.941,70.064,46.7,,,,,,,117.738,179.054,6.35955589379954,41000000.0,185000.0,,84.3383121928503,548000000.0,,None,,,,,,,,,,,,
80,GRL,North America,Greenland,2020-06-23,13.0,0.0,228.986,,,,199.94099999999997,2.16,,,,,,,3.2180273306449902,3.48701139115857,,,,,0.136496528200755,56025.0,410450.0,,,,,,,,,,,,,,,,,,,,,None,,,,,,,,,,,,
81,GTM,North America,Guatemala,2020-06-23,13769.0,547.0,768.549,3.016,7423.808000000001,8.7,155.898,10.18,,,76.665,3.55,32.7,5.97898304462433,3.14504331729282,1.15441380050436,4400.0,8500.0,75940720820.045,146665555725.613,160.953779395297,17247807.0,108890.0,,,76.937,71.119,12.7,50.2589988708496,64.1839981079102,,5.4,54.1,19.05714285714285,111.16,201.48,5.29295567705829,1121000000.0,1781000.0,1227000.0,11.632336562982301,1553000000.0,,None,5.26,6.92,4.64,3.89,4.38,6.47,Hybrid regime,4.81,4.33,26.57,37.51,31.6
82,GUM,Oceania,Guam,2020-06-23,225.0,5.0,1333.0729999999999,5.492999999999999,,,310.496,21.52,,,,,,,-0.268353459842814,-1.16298305304063,,,,,306.977777777778,165768.0,540.0,,,83.365,76.607,,91.3560028076172,84.9059982299805,,,,,39.075,79.819,,,1549000.0,,,,,,,,,,,,,,,,,
83,GUY,South America,Guyana,2020-06-23,205.0,12.0,260.629,2.8369999999999997,7435.047,,373.159,11.62,,,77.15899999999999,8.02,31.7,4.959758967161178,4.10000155013697,3.5944710190175293,4770.0,9300.0,3717845151.2566104,7241306113.572141,3.9573482346964703,779004.0,214970.0,38.470001220703104,,72.972,66.783,31.9,67.2320022583008,67.42099761962889,,5.24,15.279999999999998,11.383333333333335,182.082,268.873,2.63362399948619,80000000.0,287000.0,,1.7530604505214098,28000000.0,,None,6.15,6.92,5.36,6.11,5.0,7.35,Flawed democracy,3.8,12.87,36.69,32.09,18.35
84,HND,North America,Honduras,2020-06-23,13356.0,395.0,1348.463,2.883,4541.795,16.0,240.208,7.21,2.0,,84.169,3.09,27.6,8.076899647712706,3.69672956910365,1.98232777609925,2320.0,5350.0,22272051988.2236,51314200281.4875,85.6870319063366,9587522.0,112490.0,47.1100006103516,,77.378,72.771,21.1,41.528999328613295,52.773998260498,,3.9,36.857142857142854,13.785714285714285,115.541,166.99900000000002,4.3779187200770595,519000000.0,,,10.2431519476378,745000000.0,20/03/2020,Partial,5.42,7.83,4.29,4.44,4.38,6.18,Hybrid regime,4.47,6.69,29.43,36.81,27.07
85,HRV,Europe,Croatia,2020-06-23,2336.0,107.0,569.025,13.052999999999999,22669.797000000002,0.7,253.782,5.59,34.3,39.9,,30.0,53.3,6.724094301462175,2.63078562253854,3.55188710880397,14000.0,27700.0,57235668668.1884,113253644834.254,73.04937455325229,4087843.0,56590.0,26.0900001525879,,81.4,74.9,18.5,90.0250015258789,86.1370010375977,,,,,49.809,117.544,5.54541718833406,1737000000.0,16645000.0,2058000.0,39.3186672147487,12075000000.0,22/03/2020,Partial,6.57,9.17,6.07,5.56,5.0,7.06,Flawed democracy,2.8,24.56,44.43,25.28,5.73
86,HTI,North America,Haiti,2020-06-23,5211.0,88.0,457.004,2.9539999999999997,1653.1729999999998,23.5,430.548,6.65,2.9,23.1,22.863000000000003,2.34,31.5,8.027283251285553,1.48387978817684,0.199179706745653,800.0,1820.0,8913582852.359491,20245814053.0446,403.59854862118993,11123176.0,27750.0,,,65.832,61.5,2.5,17.8330001831055,34.4809989929199,,3.66,29.91666666666667,16.9,197.41,257.443,10.5625286767651,599000000.0,447000.0,,34.8631710747482,620000000.0,,None,4.57,4.75,2.07,3.89,6.25,5.88,Hybrid regime,4.29,9.43,31.1,32.93,26.54
87,HUN,Europe,Hungary,2020-06-23,4107.0,573.0,425.14,11.975999999999999,26777.561,0.5,278.296,7.55,26.8,34.8,,34.08,54.0,7.067919224500656,5.09400256449817,5.22733255137207,14760.0,30310.0,144335865294.525,296328671701.856,107.981486799956,9775564.0,93030.0,37.0499992370605,,79.3,72.5,12.6,91.8610000610352,87.6949996948242,,,,,,,2.5722078309251497,3280000000.0,17552000.0,8649000.0,7.12570855374391,9595000000.0,16/03/2020,Full,6.63,8.75,6.07,5.0,6.25,7.06,Flawed democracy,2.36,32.23,48.31,17.39,2.06
88,IDN,Asia,Indonesia,2020-06-23,46845.0,2500.0,171.265,3.053,11188.743999999999,5.7,342.86400000000003,6.32,2.8,76.1,64.204,4.27,56.6,3.0395406857132903,5.17127032830882,3.98560422637033,3840.0,11290.0,1026759691227.39,3020689099830.5,147.75219008926,267663435.0,1913580.0,,,73.748,69.375,19.8,40.8769989013672,52.773998260498,,7.199999999999998,38.3625,24.3625,125.66799999999999,177.53900000000002,5.31866223308219,11629000000.0,15810000.0,9468000.0,7.36085740221671,15600000000.0,15/03/2020,Full,6.48,7.92,7.14,6.11,5.63,5.59,Flawed democracy,3.86,7.1,36.62,41.5,14.78
89,IMN,Europe,Isle of Man,2020-06-23,336.0,24.0,3951.454,,,,,,,,,,,,,,,,,,147.50350877193,84077.0,570.0,,,,,,,,,,,,,,,,,,,,,,,,,,,,,2.28,30.07,51.53,16.84,1.56
90,IND,Asia,India,2020-06-23,440215.0,14011.0,318.995,3.4139999999999997,6426.674,21.2,282.28,10.39,1.9,20.6,59.55,8.57,46.5,3.602121993899348,6.81136932613997,5.7091168854856305,2020.0,6630.0,2727893916562.77,8966425298182.17,454.93807257524696,1352617328.0,3287259.0625,13.710000038147,,70.692,68.23899999999999,11.8,23.162000656127898,23.533000946044897,,2.9333333333333336,49.055555555555564,42.977777777777774,147.161,203.623,4.0111352655606005,25790000000.0,17423000.0,26296000.0,5.426573070488889,29143000000.0,24/03/2020,Full,6.9,8.67,6.79,6.67,5.63,6.76,Flawed democracy,4.57,4.11,27.31,41.64,26.94
91,IRL,Europe,Ireland,2020-06-23,25383.0,1717.0,5140.553,8.677999999999999,67335.293,0.2,126.459,3.28,23.0,25.7,,33.13,59.0,8.368094414472573,8.16987093310331,6.8382014549209105,61210.0,68060.0,297935848808.302,331288235362.651,70.6533459137756,4867309.0,70280.0,33.509998321533196,,84.4,80.9,22.2,92.0550003051758,78.98699951171879,,,,,,,2.17136602578505,7390000000.0,10926000.0,8643000.0,3.13566641130987,14658000000.0,12/03/2020,Full,9.24,10.0,7.86,8.33,10.0,10.0,Full democracy,2.81,22.19,46.23,26.32,5.26
92,IRN,Asia,Iran,2020-06-23,207525.0,9742.0,2470.743,3.182,19082.62,0.2,270.308,9.59,0.8,21.1,,15.84,37.7,7.6374118775129345,,,,,,,50.222420123283996,81800269.0,1745150.0,,,77.668,75.40899999999999,5.9,56.4630012512207,54.3849983215332,,,,,49.574,83.38600000000001,,,7295000.0,7243000.0,,,15/03/2020,Full,2.38,0.0,2.86,4.44,3.13,1.47,Authoritarian,3.51,7.16,45.49,38.87,8.48
93,IRQ,Asia,Iraq,2020-06-23,32676.0,1167.0,812.3810000000001,1.9569999999999999,15663.986,2.5,218.612,8.83,,,94.57600000000001,7.08,25.8,3.2384713739156736,-0.5627455031689549,-2.84164269387304,5040.0,10780.0,193557631837.915,414261677934.829,88.53057003546171,38433600.0,435051.9921875,,,72.486,68.429,25.5,90.6760025024414,76.0540008544922,,9.5,24.514285714285712,8.500000000000002,129.1,185.81099999999998,13.8107461846825,7855000000.0,,,2.16032293890942,1986000000.0,22/03/2020,Full,3.74,5.25,0.0,6.67,5.0,1.76,Authoritarian,7.7,1.23,10.21,20.83,67.74
94,ISL,Europe,Iceland,2020-06-23,1823.0,10.0,5342.125,9.207,46482.958,0.2,117.992,5.31,14.3,15.2,,40.78,46.3,8.221210539340975,4.61147602956513,1.8470146902301399,68120.0,55920.0,24028826245.3673,19724344190.2305,3.5184139650872797,352721.0,103000.0,43.0499992370605,,84.3,81.1,38.1,91.5059967041016,84.5660018920898,,,,,,,15.9619688394254,1829000000.0,2343800.0,668000.0,25.5502920869965,3128000000.0,16/03/2020,Full,9.58,10.0,9.29,8.89,10.0,9.71,Full democracy,,,,,
95,ISR,Asia,Israel,2020-06-23,21082.0,307.0,2435.665,7.359,33132.32,0.5,93.32,6.74,15.4,35.4,,46.25,47.3,7.207121849060057,3.45370251802824,1.4796174798864299,40930.0,40280.0,363555983141.75104,357819136573.78,410.480591497227,8882800.0,22070.0,,,84.8,80.9,27.5,90.65599822998051,84.8399963378906,,,,,,,9.10212839733564,9765000000.0,4121000.0,8473000.0,7.42192635441192,8073000000.0,12/03/2020,Full,7.86,9.17,7.86,8.89,7.5,5.88,Flawed democracy,3.14,21.01,39.99,28.29,10.7
96,ITA,Europe,Italy,2020-06-23,238720.0,34657.0,3948.276,16.24,35220.084,2.0,113.15100000000001,4.78,19.8,27.8,,39.77,56.2,8.93452599644661,0.77434001307563,0.966057526934264,33740.0,43260.0,2038376643846.06,2614057252003.44,205.418372203713,60421760.0,301340.0,23.149999618530302,,85.2,80.8,35.7,83.0790023803711,72.7460021972656,,,,,,,6.21296820625092,37644000000.0,61567200.0,33347100.0,7.86422694736246,51602000000.0,11/03/2020,Full,7.52,9.58,6.07,7.78,6.25,7.94,Flawed democracy,2.4,31.1,46.56,21.29,1.05
97,JAM,North America,Jamaica,2020-06-23,665.0,10.0,224.574,6.39,8193.571,,206.537,11.28,5.3,28.6,66.425,13.06,29.0,5.569961890578271,1.94087814684517,1.45452492809596,4970.0,9520.0,14582302023.5711,27941326713.8123,270.993074792244,2934855.0,10990.0,,,75.993,72.78699999999999,17.5,66.9560012817383,55.681999206543,,5.9947368421052625,8.680000000000001,3.955000000000001,104.39,175.46400000000003,6.32732336588992,503000000.0,2473000.0,,53.3759013135404,3099000000.0,12/03/2020,Full,6.96,8.75,7.14,4.44,6.25,8.24,Flawed democracy,3.45,23.3,34.96,25.4,16.34
98,JEY,Europe,Jersey,2020-06-23,318.0,31.0,3146.241,,,,,,,,,,,,,,,,,,,,,,,,,,,,,,,,,,,,,,,,18/03/2020,Full,,,,,,,,,,,,
99,JOR,Asia,Jordan,2020-06-23,1042.0,9.0,102.125,2.3609999999999998,8337.49,0.1,208.257,11.75,,,,23.24,42.1,7.487730979919432,1.9402922050502602,0.129635568275077,4200.0,10050.0,41836914916.3244,100021027802.92099,112.14249831043001,9956011.0,89320.0,,,76.175,72.73,15.4,96.63800048828129,82.7229995727539,9.7,5.72,11.76,3.5,89.001,123.898,6.559185693954589,1493000000.0,4150000.0,1501000.0,41.3262661514424,6221000000.0,21/03/2020,Full,3.93,3.58,4.29,3.89,4.38,3.53,Authoritarian,4.72,4.36,25.76,34.91,34.97
100,JPN,Asia,Japan,2020-06-23,17968.0,955.0,142.066,18.493,39002.223,,79.37,5.72,11.2,33.7,,24.12,59.8,10.85412248969078,0.788455875670337,0.9929313224878629,41310.0,43010.0,5226599302149.56,5441912207702.95,347.07345841562403,126529100.0,377970.0,,,87.32,81.25,10.1,91.3040008544922,88.4629974365234,,1.5,7.1,3.4,,,3.02620828511087,28096000000.0,31192000.0,18954000.0,4.869289996189679,45276000000.0,27/02/2020,Full,7.99,8.75,8.21,6.67,7.5,8.82,Flawed democracy,2.33,34.53,45.45,17.76,2.25
101,KAZ,Asia,Kazakhstan,2020-06-23,18231.0,127.0,970.937,4.625,24055.588,0.1,466.792,7.11,7.0,43.1,98.999,39.8,40.7,3.035991750657558,4.09999999987123,2.76315091083548,8080.0,22950.0,147572879547.561,419392398533.198,6.76831870207801,18272430.0,2724901.875,,,77.19,68.84,27.1,76.3659973144531,74.65699768066409,,9.7,15.02,3.76,94.435,220.812,6.16962987336707,2852000000.0,8789000.0,,3.94810188057602,2651000000.0,15/03/2020,Full,2.94,0.5,2.14,4.44,4.38,3.24,Authoritarian,3.5,14.57,38.32,30.97,16.14
102,KEN,Africa,Kenya,2020-06-23,4797.0,125.0,89.211,1.528,2993.028,36.8,218.637,2.92,1.2,20.4,24.651,1.57,47.1,5.203852504491808,6.319781363543901,3.8961529810206197,1620.0,4260.0,83062874765.6646,218901528193.101,90.29941666373828,51393010.0,580370.0,,47.5,68.684,63.965,21.8,39.9109992980957,56.1689987182617,,5.95,37.14444444444445,16.75,194.507,264.72,,,,,,,15/03/2020,Full,5.18,3.5,5.71,6.67,5.63,4.41,Hybrid regime,3.64,21.6,31.06,27.84,19.49
103,KGZ,Asia,Kyrgyzstan,2020-06-23,3519.0,41.0,539.377,2.8819999999999997,3393.474,1.4,436.36199999999997,7.11,3.6,50.5,89.22,22.13,49.3,7.058553993701935,3.5000000000000604,1.46038147656107,1220.0,5110.0,7700206967.568541,32311134971.8764,32.965589155370196,6322800.0,199950.0,,,75.6,67.4,19.2,70.9179992675781,60.534000396728494,,7.666666666666665,19.916666666666668,4.366666666666667,94.014,210.66299999999998,7.7287471074529694,453000000.0,423000.0,6839000.0,17.8099772530336,487000000.0,24/03/2020,Partial,4.89,6.08,2.93,6.67,3.75,5.0,Hybrid regime,4.21,8.21,30.82,36.13,24.85
104,KHM,Asia,Cambodia,2020-06-23,130.0,0.0,7.776,2.385,3645.07,,270.892,4.0,2.0,33.7,66.229,1.93,39.2,6.407017484307291,7.49796350754166,5.907741250022111,1390.0,3970.0,22525028803.2131,64584492592.1059,92.05641287106279,16249798.0,181040.0,,,71.62899999999999,67.312,20.0,41.57899856567379,56.7430000305176,,3.033333333333333,43.68333333333333,31.98333333333333,132.376,199.97099999999998,4.93803121314257,1079000000.0,6201000.0,1995000.0,26.2409950521192,4832000000.0,28/03/2020,Partial,3.53,0.83,4.64,3.33,5.63,3.24,Authoritarian,4.61,3.37,25.65,43.08,27.9
105,KNA,North America,Saint Kitts and Nevis,2020-06-23,15.0,0.0,281.997,,24654.385,,,12.84,,,,26.76,26.2,4.997950494289398,2.9239388170027594,2.14672480942217,18340.0,25060.0,961531499.003816,1314191081.72592,201.69615384615398,52441.0,260.0,,,,,13.3,,,,,,,,,9.934430179688631,59000000.0,125000.0,,60.63869418587979,367000000.0,,None,,,,,,,,,,,,
106,KOR,Asia,South Korea,2020-06-23,12484.0,281.0,243.49900000000002,8.622,35938.373999999996,0.2,85.99799999999999,6.8,6.2,40.9,,23.61,70.2,7.074870467185974,2.66831140171185,2.18145161175325,30620.0,39630.0,1580109482105.75,2045413635095.92,529.358501289308,51606633.0,100339.00390625,,,85.7,79.7,17.0,77.3830032348633,73.0490036010742,,,,,32.342,79.266,5.35544908357113,34769000000.0,15347000.0,28696000.0,2.72020867354208,19856000000.0,,,8.0,9.17,7.86,7.22,7.5,8.24,Flawed democracy,2.53,27.23,47.59,23.7,1.48
107,KWT,Asia,Kuwait,2020-06-23,40291.0,330.0,9434.587,1.114,65530.537000000004,,132.235,15.84,2.7,37.0,,26.46,46.1,3.812536597251891,1.24601594652857,-0.741360738908625,34290.0,59760.0,141863037582.434,247255027990.77,232.172222222222,4137309.0,17820.0,,,76.467,74.672,3.1,99.39600372314449,97.8479995727539,,7.98888888888889,4.661111111111112,2.353333333333333,41.12,69.179,20.992662623811,14318000000.0,8508000.0,,1.0786524517835798,919000000.0,16/03/2020,Partial,3.93,3.58,4.29,3.89,4.38,3.53,Authoritarian,,,,,
108,LAO,Asia,Laos,2020-06-23,19.0,0.0,2.611,2.322,6397.36,22.7,368.111,4.0,7.3,51.2,49.839,3.73,43.1,2.4081863090395936,6.24796000755872,4.61588222048862,2450.0,7410.0,17318312655.3411,52359881805.3517,30.5957842287695,7061507.0,236800.0,,36.5,69.417,65.83800000000001,27.5,12.3100004196167,25.399000167846697,,,,,156.747,205.59,12.9676847934516,949000000.0,3770000.0,3207000.0,12.177977453573899,757000000.0,,None,2.14,0.0,2.86,1.67,5.0,1.18,Authoritarian,5.77,1.22,15.01,34.8,48.97
109,LBN,Asia,Lebanon,2020-06-23,1603.0,32.0,234.857,5.43,13367.565,,266.591,12.71,26.9,40.7,,21.04,43.1,7.824720740318298,0.199990636430059,-0.34208130231377304,7920.0,16330.0,54240387295.7135,111814680989.113,669.4941348973609,6848925.0,10450.0,,,80.821,77.07600000000001,4.7,84.1129989624023,57.4280014038086,,18.75,16.85,3.85,53.338,76.205,19.467912329036697,6395000000.0,1964000.0,,45.4227864911041,8694000000.0,16/03/2020,Full,4.36,3.92,1.5,6.67,5.0,4.71,Hybrid regime,,,,,
110,LBR,Africa,Liberia,2020-06-23,650.0,34.0,128.517,1.756,752.788,38.6,272.509,2.42,1.5,18.1,1.188,0.38,35.1,9.098421335220332,1.2225513129960701,-1.22975996453044,610.0,1330.0,2919787065.30257,6400383736.63859,50.030907392026606,4818977.0,111370.0,,,65.11399999999999,62.347,12.3,8.967000007629391,32.570999145507805,,3.4799999999999995,37.22,17.740000000000006,207.08,247.482,0.618232004984871,7700000.0,,,,,,None,5.45,7.42,3.07,5.56,5.63,5.59,Hybrid regime,4.95,9.67,24.81,28.74,36.78
111,LBY,Africa,Libya,2020-06-23,571.0,10.0,83.09899999999999,2.8160000000000003,17881.509,,341.86199999999997,10.43,,,,20.91,25.7,,7.949736797942901,6.36824093250934,6400.0,14820.0,42771026208.6955,98989729193.7889,3.7956323811905404,6678567.0,1759540.0,,,75.788,69.895,16.0,95.0439987182617,92.2779998779297,,21.8,26.73333333333333,7.166666666666668,99.334,179.56599999999997,,,,,,,,None,2.02,0.0,0.0,2.78,4.38,2.94,Authoritarian,,,,,
112,LCA,North America,Saint Lucia,2020-06-23,19.0,0.0,103.469,6.405,12951.839,,204.62,11.62,,,87.20200000000001,6.41,35.3,5.057272762060166,0.857135569988984,0.339234187154531,9560.0,13060.0,1739539256.77877,2375512715.18542,298.17868852459,181889.0,620.0,,,77.434,74.72,16.7,69.8610000610352,58.573001861572294,,6.3,2.5,2.8,97.18700000000001,174.722,8.719713187854751,87000000.0,395000.0,,81.2711569887711,989000000.0,20/03/2020,Full,,,,,,,,,,,,
113,LIE,Europe,Liechtenstein,2020-06-23,83.0,1.0,2176.364,,,,,7.77,,,,,43.5,,,,,,,,236.9375,37910.0,160.0,,,86.0,81.6,12.0,,,,,,,,,,,85300.0,,,,20/03/2020,Partial,,,,,,,,2.32,34.17,44.75,19.5,1.58
114,LKA,Asia,Sri Lanka,2020-06-23,1951.0,11.0,91.11200000000001,5.331,11669.077,0.7,197.093,10.68,0.3,27.0,,10.04,33.9,3.8056103885173798,3.20913112799197,2.1327460963848504,4060.0,12900.0,87896171382.1976,279437733668.103,345.558922022006,21670000.0,65610.0,,,80.12100000000001,73.415,5.8,55.6279983520508,58.952999114990206,,1.05,21.8625,26.0,56.065,151.16,9.26581828380392,2487000000.0,2334000.0,1476000.0,27.674977355815603,5608000000.0,21/03/2020,Full,6.27,7.0,6.07,5.56,6.25,6.47,Flawed democracy,,,,,
115,LSO,Africa,Lesotho,2020-06-23,4.0,0.0,1.867,2.647,2851.153,59.6,405.126,3.94,0.4,53.9,2.117,0.69,30.2,8.548127859830856,1.13418817138297,0.33207349060136,1390.0,3500.0,2921766862.53022,7386601457.41346,69.437812911726,2108132.0,30360.0,,,56.95399999999999,50.582,22.1,80.28700256347659,85.359001159668,,9.82,40.2,14.085714285714287,419.36300000000006,545.675,14.0247371149823,339000000.0,1173000.0,,1.91458449433821,24000000.0,,,6.54,9.17,4.5,6.67,5.63,6.76,Flawed democracy,3.34,20.66,37.91,27.9,13.52
116,LTU,Europe,Lithuania,2020-06-23,1801.0,76.0,661.575,13.777999999999999,29524.265,0.7,342.98900000000003,3.67,21.3,38.0,,63.53,55.0,6.382509917020796,3.64475653175535,4.63845827413193,17360.0,34680.0,48634196073.5066,97160699030.8487,44.7230757742448,2801543.0,65286.0009765625,38.1599998474121,,80.9,71.9,21.3,90.8259963989258,85.7779998779297,,,,,,,2.8191957924283906,1195000000.0,2825000.0,2244000.0,3.22517537325499,1419000000.0,16/03/2020,Full,7.5,9.58,6.43,6.11,6.25,9.12,Flawed democracy,2.32,34.71,45.4,18.0,1.89
117,LUX,Europe,Luxembourg,2020-06-23,4121.0,110.0,6583.319,9.842,94277.965,0.2,128.275,4.42,20.9,26.0,,30.09,43.8,5.531493350863456,3.1108362656044197,1.14105379601197,70840.0,74400.0,43068735624.125,45229329379.7454,250.18518518518502,607950.0,2590.0,,,84.4,79.9,28.3,92.5800018310547,90.43199920654301,,,,,,,2.98337118191031,3290000000.0,1018000.0,1989000.0,4.06799208765904,5537000000.0,16/03/2020,Full,8.81,10.0,8.93,6.67,8.75,9.71,Full democracy,2.41,32.3,44.15,21.45,2.1
118,LVA,Europe,Latvia,2020-06-23,1111.0,30.0,589.014,14.136,25063.846,0.7,350.06,4.91,25.6,51.0,,31.91,62.9,5.749250799417496,4.62077695023,5.43910139407771,16500.0,30220.0,31803867377.5425,58231115700.1276,30.993470569314898,1927174.0,64490.0,43.220001220703104,,79.8,69.8,16.0,90.3119964599609,86.6179962158203,,,,,,,3.68059042893868,778000000.0,1946000.0,1368000.0,5.01365220069174,1057000000.0,13/03/2020,Full,7.49,9.58,6.07,6.11,6.88,8.82,Flawed democracy,2.38,34.42,45.42,17.04,3.13
119,MAR,Africa,Morocco,2020-06-23,10172.0,214.0,275.585,4.209,7485.013000000001,1.0,419.14599999999996,7.14,0.8,47.1,,7.31,43.7,5.309188589453695,2.9902141695292204,1.6882750853572899,3090.0,8430.0,112914745257.66,272960254310.59302,80.72851893345279,36029138.0,446550.0,,,77.668,75.19,20.5,38.1609992980957,52.7750015258789,,10.866666666666667,23.85,6.916666666666668,62.159,72.327,5.44913861570711,3018000000.0,12289000.0,1923000.0,22.01675709421,9523000000.0,16/03/2020,Full,5.1,5.25,4.64,5.56,5.63,4.41,Hybrid regime,5.24,5.88,21.48,31.96,40.68
120,MCO,Europe,Monaco,2020-06-23,101.0,5.0,2573.6420000000003,,,,,5.46,,,,75.07,32.7,1.957323513925076,6.099999999999911,5.30456543094968,,,,,,38682.0,,,,,,33.3,,,,,,,,,,,347000.0,,,,17/03/2020,Full,,,,,,,,,,,,
121,MDA,Europe,Moldova,2020-06-23,14363.0,480.0,3560.5190000000002,6.955,5189.972,0.2,408.50199999999995,5.72,5.9,44.6,86.979,32.07,42.9,8.084456026554111,3.39999999999942,5.276488784940111,3900.0,13170.0,10553252005.5264,35630886170.7853,123.51980353223999,2706049.0,33850.0,,,76.074,67.53,22.8,65.57399749755861,58.5620002746582,,,,,95.579,237.424,6.860987218389489,438000000.0,160000.0,264000.0,14.486287280460301,500000000.0,11/03/2020,Full,5.75,6.58,4.64,6.11,4.38,7.06,Hybrid regime,2.89,22.64,43.62,27.87,5.87
122,MDG,Africa,Madagascar,2020-06-23,1640.0,15.0,59.225,1.686,1416.44,77.6,405.994,3.94,,,50.54,1.81,40.1,5.330600440502166,4.564792315418099,1.81024820355464,510.0,1600.0,13267179655.2599,42148015449.8629,45.1398556204881,26262368.0,587295.0,,,68.301,65.077,19.2,8.38399982452393,13.434000015258801,,2.5,52.575,34.31428571428571,181.739,232.545,6.38436038582579,309000000.0,291000.0,,20.2238771323715,879000000.0,17/03/2020,Partial,5.64,7.92,3.57,6.11,5.63,5.0,Hybrid regime,4.95,5.34,25.3,33.14,36.22
123,MDV,Asia,Maldives,2020-06-23,2217.0,8.0,4101.439,2.875,15183.616000000002,,164.905,9.19,2.1,55.0,95.803,45.63,33.8,8.79278108477593,6.8888171958135995,2.88973083684236,9280.0,17480.0,4786256984.46698,9012662288.71595,1718.9866666666699,515696.0,300.0,,,80.499,77.229,5.9,64.3140029907227,79.58799743652341,,4.66,32.6,30.32,42.148999999999994,67.456,10.567193945527901,433000000.0,1484000.0,,82.6938366672004,3054000000.0,11/03/2020,Full,,,,,,,,5.4,4.49,22.28,33.5,39.73
124,MEX,North America,Mexico,2020-06-23,185122.0,22584.0,1435.8029999999999,4.321000000000001,17336.468999999997,2.5,152.783,13.06,6.9,21.4,87.84700000000001,23.83,57.6,5.700176879763605,2.1359581211972203,0.991932458168463,9180.0,19870.0,1159048814145.26,2507773305576.86,64.9146264050001,126190788.0,1964375.0,35.5900001525879,,77.844,72.118,48.2,68.1360015869141,68.49900054931639,,7.371428571428572,19.175,6.525,95.815,184.37900000000002,2.8003696126079203,14073000000.0,41313000.0,19748000.0,4.96060248874723,23802000000.0,14/03/2020,Partial,6.09,7.83,6.07,7.22,3.13,6.18,Flawed democracy,3.74,10.08,37.68,37.75,14.49
125,MKD,Europe,Macedonia,2020-06-23,5196.0,247.0,2494.024,8.16,13111.214,5.0,322.688,10.08,,,,28.74,39.1,6.3586089015007,2.66459188911705,2.6171769448899598,5450.0,15930.0,11360186689.5629,33175409916.7615,82.59151467089609,2082958.0,25710.0,28.2099990844727,,77.736,73.684,38.3,80.6080017089844,73.5849990844727,,,,,63.418,119.81,3.05771361935185,282000000.0,707000.0,,5.09094756953213,387000000.0,,,5.97,7.0,5.36,6.67,3.75,7.06,Hybrid regime,,,,,
126,MLI,Africa,Mali,2020-06-23,1961.0,111.0,96.836,1.486,2014.306,,268.024,2.42,1.6,23.0,52.232,1.29,29.0,4.02618534862995,4.89999574546111,1.7916766567807498,840.0,2280.0,15994137157.1486,43537004596.3315,15.635015858186,19077690.0,1240190.0,,,59.648999999999994,58.137,8.8,11.887000083923303,23.1060009002686,,2.2,34.41428571428572,26.67142857142857,244.75599999999997,263.613,,,14000.0,,,,18/03/2020,Full,4.92,6.42,3.07,3.89,5.63,5.59,Hybrid regime,5.81,3.11,20.29,30.32,46.28
127,MLT,Europe,Malta,2020-06-23,665.0,9.0,1506.096,11.324000000000002,36513.323,0.2,168.71099999999998,8.83,20.9,30.2,,28.6,37.3,9.188717007637024,6.77232811144415,3.10823263897765,26420.0,40120.0,12804453189.0998,19441145105.5628,1514.46875,484630.0,320.0,27.6100006103516,,84.6,80.2,11.9,91.86199951171879,81.56500244140629,,,,,35.056,63.699,2.87379449240067,518000000.0,2599000.0,667000.0,8.72130805224491,1845000000.0,12/03/2020,Full,7.95,9.17,7.5,6.11,8.13,8.82,Flawed democracy,2.67,22.64,49.28,25.6,2.47
128,MMR,Asia,Myanmar,2020-06-23,291.0,6.0,5.348,3.12,5591.597,6.4,202.104,4.61,6.3,35.2,79.28699999999999,6.77,43.4,4.364199638366702,6.200051071538451,5.555804237504019,1310.0,4860.0,70246183910.3074,261163972119.69397,82.23861548355491,53708395.0,676590.0,32.060001373291,,69.874,63.761,10.2,37.4589996337891,37.3040008544922,,4.62,45.1,29.75555555555555,149.971,247.696,0.6254478441665079,118000000.0,3551000.0,,10.593297149898302,1670000000.0,,,3.55,3.08,3.93,2.78,5.63,2.35,Authoritarian,4.22,5.35,33.49,39.14,22.01
129,MNE,Europe,Montenegro,2020-06-23,367.0,9.0,584.337,9.395,16409.288,1.0,387.305,10.08,44.0,47.9,,27.56,43.7,,5.07786020112071,5.10251578114111,8430.0,21550.0,5248475092.21356,13410525098.8229,46.262230483271395,622227.0,13810.0,23.8299999237061,,79.199,74.317,23.5,85.9800033569336,72.0609970092773,,19.0,8.65,1.6,65.97,125.094,1.99151112504161,73000000.0,2077000.0,,52.1678725110468,1224000000.0,24/03/2020,Full,5.65,5.67,5.36,6.11,4.38,6.76,Hybrid regime,3.21,18.13,39.58,33.35,8.94
130,MNG,Asia,Mongolia,2020-06-23,215.0,0.0,65.583,2.421,11840.846000000001,0.5,460.043,4.82,5.5,46.5,71.18,28.59,49.5,4.184305146336556,7.2258488993461905,5.31725254619168,3660.0,11050.0,11597426934.3095,35032618260.8805,2.0406086665465097,3170208.0,1564120.0,36.02000045776371,,73.961,65.631,17.1,53.8660011291504,47.095001220703104,,9.925,20.777777777777786,5.911111111111111,123.17299999999999,288.357,9.695972286836131,822000000.0,529000.0,,6.81877429502399,526000000.0,10/03/2020,Full,6.5,9.17,5.71,5.56,5.0,7.06,Flawed democracy,4.32,6.61,28.72,40.34,24.33
131,MNP,Oceania,Northern Mariana Islands,2020-06-23,30.0,2.0,521.222,,,,194.99400000000003,,,,,,,,-19.6078431372549,-20.0601037855457,,,,,123.65652173913,56882.0,460.0,,,,,,,,,,,,,,,,517000.0,,,,,,,,,,,,,,,,,
132,MOZ,Africa,Mozambique,2020-06-23,737.0,5.0,23.58,1.87,1136.103,62.9,329.94199999999995,3.3,5.1,29.1,12.227,0.84,28.1,5.349588319659232,3.42817366081721,0.45830921554508597,460.0,1290.0,13588598915.5351,38180429120.9872,37.508535313716,29495962.0,786380.0,,28.3,62.966,57.114,39.6,5.77400016784668,23.622999191284197,,6.566666666666666,47.84285714285715,20.75714285714286,268.188,389.52099999999996,1.28352669775177,135000000.0,2743000.0,,5.539972557010679,331000000.0,,None,3.65,2.58,2.14,5.0,5.0,3.53,Authoritarian,4.37,9.85,30.96,30.1,29.09
133,MRT,Africa,Mauritania,2020-06-23,2984.0,111.0,641.7669999999999,1.7919999999999998,3597.633,6.0,232.347,2.42,,,15.95,1.87,27.5,4.250883311033247,3.5542779844437002,0.7146787423193639,1160.0,3770.0,5129074595.79785,16622205481.683998,4.27216357815077,4403319.0,1030700.0,,,66.292,63.082,20.3,30.9680004119873,50.5550003051758,,2.6375,34.17,24.86666666666667,176.149,218.359,1.1571481639661398,38000000.0,,,0.29100892908535303,6000000.0,,None,3.92,3.5,3.57,5.0,3.13,4.41,Authoritarian,,,,,
134,MSR,North America,Montserrat,2020-06-23,11.0,1.0,2200.44,,,,,,,,,,,,,,,,,,,,,,,,,,,,,,,,,,,,,,,,,,,,,,,,,,,,,
135,MUS,Africa,Mauritius,2020-06-23,340.0,10.0,267.345,5.8839999999999995,20292.745,0.5,224.644,22.02,3.2,40.7,,25.33,34.9,5.4604995250701895,3.77381891285675,3.7172285664734197,12050.0,24980.0,15244401131.0815,31611878353.9511,623.30197044335,1265303.0,2040.0,31.030000686645497,,77.72,71.27,11.6,85.2279968261719,75.931999206543,,7.65,20.45,17.05,93.506,188.405,9.55711083856597,723000000.0,1399000.0,296000.0,38.928195243130496,2161000000.0,17/03/2020,Partial,8.22,9.17,8.21,5.56,8.75,9.41,Full democracy,3.48,9.97,41.02,40.24,8.77
136,MWI,Africa,Malawi,2020-06-23,803.0,11.0,41.976000000000006,1.7830000000000001,1095.042,71.4,227.34900000000002,3.94,4.4,24.7,8.704,0.36,28.0,9.993272721767434,3.4999999999999907,0.8014196964556821,360.0,1070.0,6506600289.884279,19384726455.9053,192.440761561307,18143315.0,118480.0,,,66.937,60.651,16.7,33.8370018005371,44.8110008239746,,7.484615384615385,49.10714285714285,17.40666666666667,212.388,325.106,4.62032197696521,136000000.0,871000.0,,3.8447061764811097,43000000.0,,,5.5,6.08,4.29,5.0,6.25,5.88,Hybrid regime,4.51,6.45,28.1,35.56,29.9
137,MYS,Asia,Malaysia,2020-06-23,8587.0,121.0,265.309,3.407,26808.164,0.1,260.942,16.74,1.0,42.4,,15.36,62.2,3.7797204405069325,4.74160645035721,3.3345011012496,10590.0,27200.0,333842531884.843,857641547580.658,95.9628214883579,31528585.0,330345.0,,,78.167,74.075,13.9,73.9499969482422,75.0279998779297,,6.2,19.075,18.14,84.296,160.38299999999998,5.98545872369598,13248000000.0,25832000.0,,8.834374762172901,21774000000.0,18/03/2020,Full,7.16,9.17,7.86,6.67,6.25,5.88,Flawed democracy,4.56,7.14,25.64,37.86,29.36
138,NAM,Africa,Namibia,2020-06-23,63.0,0.0,24.794,2.085,9541.808,13.4,243.81099999999998,3.94,9.7,34.2,44.6,4.18,35.6,8.98265212774277,-0.546332045263455,-2.4008197720197,5220.0,10490.0,12783643142.3496,25670332099.1788,2.9737455817512704,2448255.0,824290.0,48.2400016784668,,66.18,60.357,46.2,57.104000091552706,67.8140029907227,,4.125,29.200000000000006,18.05,248.938,349.31699999999995,1.08868818751433,69000000.0,,,9.86220434169235,488000000.0,14/03/2020,Full,6.43,6.58,5.36,6.67,5.63,7.94,Flawed democracy,4.24,17.45,29.84,25.56,27.16
139,NCL,Oceania,New Caledonia,2020-06-23,21.0,0.0,73.557,6.489,,,,23.36,,,,,,,,,,,,,15.5393873085339,284060.0,18580.0,,,79.3,75.1,,86.45700073242192,80.1999969482422,,,,,56.743,98.00299999999999,,,120000.0,139000.0,,,,,,,,,,,,,,,,
140,NER,Africa,Niger,2020-06-23,1046.0,67.0,43.211000000000006,1.3780000000000001,926.0,44.5,238.33900000000003,2.42,0.1,15.4,8.978,0.43,32.2,6.5673992037773115,6.48306670425471,2.4953347016976,390.0,870.0,8682726194.770159,19501735841.0156,17.717650588142398,22442948.0,1267000.0,,,63.211999999999996,60.9,17.0,2.3229999542236297,7.98799991607666,,,,,222.743,251.729,,,157000.0,,,,,None,3.29,2.92,1.14,3.33,4.38,4.71,Authoritarian,5.92,3.19,19.86,28.99,47.96
141,NGA,Africa,Nigeria,2020-06-23,20919.0,525.0,101.48,1.4469999999999998,5338.454000000001,,181.013,2.42,0.6,10.8,41.949,3.81,37.8,3.550864383578302,1.93726806949346,-0.6655790801877121,1960.0,5040.0,384802857431.966,986778003173.063,215.06498896538102,195874740.0,923770.0,,,55.244,53.45,5.6,13.065999984741199,22.8430004119873,,4.890909090909092,39.46363636363637,26.681818181818183,324.961,364.32099999999997,18.451265655985697,13218000000.0,,,2.91129132161068,1977000000.0,25/03/2020,Full,4.12,5.17,3.93,3.33,3.75,4.41,Hybrid regime,4.9,11.51,25.53,27.86,35.1
142,NIC,North America,Nicaragua,2020-06-23,2014.0,64.0,304.02,3.5189999999999997,5321.444,3.2,137.016,11.47,,,,9.78,43.1,8.194318562746044,-3.95091708124258,-5.14914016579304,2020.0,5700.0,13068790473.1023,36823359052.8874,53.7270483629716,6465513.0,130370.0,,,77.77,70.741,45.7,49.869998931884794,56.869998931884794,,6.55,24.066666666666666,7.033333333333334,102.575,200.678,5.1855814091706,349000000.0,1256000.0,974000.0,9.87027125102059,544000000.0,,None,3.55,1.25,2.86,3.89,5.63,4.12,Authoritarian,4.92,4.59,26.37,35.96,33.08
143,NLD,Europe,Netherlands,2020-06-23,49658.0,6090.0,2898.066,11.880999999999998,48472.545,,109.361,5.29,24.4,27.3,,36.05,75.6,10.375210493803042,2.59745361827454,2.00009858507431,51260.0,58140.0,883236056903.029,1001782586018.43,511.47592757494795,17231624.0,41540.0,24.760000228881804,,83.4,80.2,36.0,86.8550033569336,80.2689971923828,,,,,,,3.85310378322941,25952000000.0,18780000.0,22115000.0,3.3526695560413504,25850000000.0,16/03/2020,Full,9.01,9.58,9.29,8.33,8.75,9.12,Full democracy,2.23,35.11,45.53,18.01,1.35
144,NOR,Europe,Norway,2020-06-23,8745.0,248.0,1613.099,10.812999999999999,64800.057,0.2,114.316,5.31,19.6,20.7,,29.16,64.6,9.863836616277686,1.28954820126177,0.6231470137170451,80640.0,70530.0,428375207614.415,374631286747.306,14.5482916341657,5311916.0,625217.109375,33.470001220703104,,84.4,81.3,41.4,95.7030029296875,91.6230010986328,,,,,38.861,62.494,13.175788618555801,18592000000.0,5688000.0,8110000.0,4.26622331607864,7096000000.0,12/03/2020,Full,9.87,10.0,9.64,10.0,10.0,9.71,Full democracy,2.22,39.58,40.73,18.13,1.56
145,NPL,Asia,Nepal,2020-06-23,9026.0,23.0,309.78,3.2119999999999997,2442.804,15.0,260.797,7.26,9.5,37.8,47.782,7.49,35.1,5.828711241483688,6.65753266831794,4.90794694128547,970.0,3360.0,27201708172.7506,94248051482.1782,195.939107080572,28087871.0,147180.0,,,71.9,68.98899999999999,32.7,10.5559997558594,32.6199989318848,,1.0285714285714287,51.9125,36.95,129.611,167.31599999999997,6.26698468458562,918000000.0,1173000.0,,27.782884671518396,744000000.0,24/03/2020,Full,5.28,4.83,5.36,5.0,5.63,5.59,Hybrid regime,4.24,6.45,33.96,36.57,23.02
146,NZL,Oceania,New Zealand,2020-06-23,1165.0,22.0,241.58900000000003,9.72,36085.843,,128.797,8.08,14.8,17.2,,35.9,54.0,9.316181838512422,2.77357101506234,1.7736463724658897,41020.0,40550.0,198566287203.762,196320021186.879,18.3851733697923,4841000.0,267710.0,,,83.6,80.2,38.3,85.4169998168945,78.5540008544922,,,,,,,8.023966068493849,4603000000.0,3686000.0,3038000.0,19.084131933229102,10961000000.0,25/03/2020,Full,9.26,10.0,9.29,8.89,8.13,10.0,Full democracy,2.67,22.84,50.52,22.09,4.55
147,OMN,Asia,Oman,2020-06-23,31076.0,137.0,6085.432,1.53,37960.709,,266.342,12.61,0.5,15.6,97.4,20.03,43.1,3.7600989639759055,1.7640875486989,-1.68210182403824,15140.0,29160.0,73109396536.3372,140846655469.713,15.6041453957997,4829483.0,309500.0,,,80.134,75.89,1.2,95.5459976196289,96.27200317382808,,3.5500000000000003,16.066666666666666,11.916666666666664,63.183,101.38799999999999,9.094428810836801,3210000000.0,2301000.0,3350000.0,6.44138448487136,2975000000.0,29/03/2020,Partial,3.06,0.08,3.93,2.78,4.38,4.12,Authoritarian,8.02,10.62,19.07,18.37,51.94
148,OWID_KOS,Europe,Kosovo,2020-06-23,2169.0,37.0,1122.221,,9795.834,0.6,,,,,,,,,,,,,,,,,,,,,,,,,,,,,,,,,,,,,25/03/2020,Partial,,,,,,,,,,,,
149,PAK,Asia,Pakistan,2020-06-23,185034.0,3695.0,837.666,2.78,5034.708,4.0,423.031,8.35,2.8,36.7,59.607,9.8,35.5,2.7531329914927483,5.83024190542581,3.6767121099591695,1590.0,5110.0,337059830287.149,1085235831419.14,275.28931870070596,212215030.0,796100.0,,,68.109,66.194,20.6,28.4039993286133,46.609001159668,18.3,4.757142857142857,46.67142857142858,33.737500000000004,137.509,172.896,4.23688702829611,2899000000.0,,,2.65801112530378,818000000.0,26/03/2020,Full,4.25,6.08,5.71,2.22,2.5,4.71,Hybrid regime,6.8,1.08,12.88,25.16,60.88
150,PAN,North America,Panama,2020-06-23,26752.0,521.0,6200.102,5.03,22267.037,2.2,128.346,8.33,2.4,9.9,,15.69,43.7,6.98603093624115,3.6770136293444997,1.93696407326647,14370.0,29340.0,60023543303.6692,122562530421.131,56.1860774818402,4176873.0,75420.0,,,81.593,75.235,18.3,64.52700042724611,61.3380012512207,,9.066666666666666,19.83333333333333,4.733333333333333,76.653,148.159,4.5221779077851,1307000000.0,1785000.0,681000.0,19.6745244988913,5615000000.0,25/03/2020,Full,7.05,9.58,6.07,6.67,5.0,7.94,Flawed democracy,3.67,14.66,38.02,31.26,16.06
151,PER,South America,Peru,2020-06-23,254936.0,8045.0,7731.93,4.455,12236.706,3.5,85.755,5.95,4.8,,,13.05,49.2,4.956688657402991,3.97693571755005,2.20561703131051,6470.0,12450.0,207101732427.075,398280577964.98706,24.99160625,31989256.0,1285220.0,,,79.28,73.834,27.7,39.8129997253418,49.893001556396506,,8.940000000000003,21.860000000000007,4.320000000000001,84.815,146.37,6.64082116705214,3417000000.0,4419000.0,3078000.0,8.720746945012719,4894000000.0,10/03/2020,Full,6.6,9.17,5.0,5.56,5.63,7.65,Flawed democracy,3.75,12.91,34.68,36.02,16.39
152,PHL,Asia,Philippines,2020-06-23,30682.0,1177.0,279.994,2.661,7599.188,,370.43699999999995,7.07,7.8,40.8,78.46300000000001,6.0,47.6,4.353193342685702,6.24373774240088,4.77073894578564,3830.0,9980.0,408840418468.117,1064889434413.69,357.688305329175,106651922.0,300000.0,25.510000228881804,,75.387,67.123,29.5,60.0880012512207,65.6230010986328,,,,,130.91,235.071,9.614105961599439,12474000000.0,7168000.0,,10.7653942890797,9730000000.0,16/03/2020,Partial,6.64,9.17,5.36,7.22,4.38,7.06,Flawed democracy,4.23,9.18,30.05,36.82,23.95
153,PNG,Oceania,Papua New Guinea,2020-06-23,9.0,0.0,1.006,2.142,3823.1940000000004,,561.494,17.65,23.5,48.8,,0.7,27.8,2.6432360336184497,-0.820774238373588,-2.76011441200268,2570.0,4220.0,22111662448.2579,36334539993.2087,19.004363379410897,8606316.0,462840.0,,,65.57600000000001,63.038999999999994,0.0,11.937000274658198,28.4440002441406,,6.7333333333333325,46.46666666666667,22.9,187.7,251.144,,,140000.0,,,,,None,6.03,6.92,6.07,3.89,5.63,7.65,Flawed democracy,5.43,4.08,21.97,29.73,44.22
154,POL,Europe,Poland,2020-06-23,32227.0,1359.0,851.5160000000001,10.202,27216.445,,227.331,5.91,23.3,33.1,,23.79,55.4,6.442192643880844,5.14801848357114,5.148228919437201,14100.0,30410.0,535535085143.50104,1154948085917.64,124.023482151605,37974750.0,312680.0,39.52000045776371,,81.8,73.9,28.0,83.9710006713867,76.3030014038086,,,2.75,,,,3.4739665375282,10608000000.0,19622000.0,12800000.0,4.84104001819847,15748000000.0,12/03/2020,Full,6.62,9.17,6.07,6.11,4.38,7.35,Flawed democracy,2.82,24.04,45.92,23.68,6.37
155,PRI,North America,Puerto Rico,2020-06-23,6564.0,149.0,2294.431,9.829,35044.67,,108.094,12.9,,,,,,,-4.90562615259037,-1.04108061898415,21100.0,23620.0,67412091451.5787,75481058823.2137,360.220180383315,3195153.0,8870.0,,,83.382,76.346,,92.0279998779297,76.48500061035159,,,,,63.033,146.208,,893000000.0,3068000.0,,,3282000000.0,,,,,,,,,,2.67,23.06,50.37,23.17,3.4
156,PRT,Europe,Portugal,2020-06-23,39392.0,1534.0,3863.208,14.924000000000001,27936.896,0.5,127.84200000000001,9.85,16.3,30.0,,51.24,60.3,9.018246978521347,2.44126692937017,2.60541088250956,21980.0,33520.0,226063382260.54398,344694239561.636,112.26194121729999,10283822.0,92225.595703125,32.1599998474121,,84.9,78.7,34.8,87.5550003051758,79.3320007324219,,,,,,,6.277048168313001,6524000000.0,16186000.0,2486000.0,22.809757061485897,24105000000.0,18/03/2020,Full,8.03,9.58,7.86,6.11,7.5,9.12,Full democracy,2.58,21.44,55.48,21.1,1.99
157,PRY,South America,Paraguay,2020-06-23,1392.0,13.0,195.162,3.833,8827.01,1.7,199.128,8.27,5.0,21.6,79.602,13.54,35.7,6.569114774465558,3.6766232313560496,2.3499903437389196,5670.0,12830.0,39417705919.7151,89262662838.687,17.5083589227284,6956071.0,406751.9921875,,,76.25,72.15899999999999,15.0,56.0870018005371,57.515998840332,,9.275,13.025,2.525,120.525,163.97799999999998,3.95577302466936,549000000.0,1181000.0,1266000.0,2.73715829008388,393000000.0,15/03/2020,Partial,6.24,8.75,5.71,5.0,4.38,7.35,Flawed democracy,4.63,8.09,27.32,33.15,31.44
158,PSE,Asia,Palestine,2020-06-23,1196.0,5.0,234.445,1.726,4449.898,1.0,265.91,10.59,,,,,,,0.9052782324058771,-1.61856449743397,3710.0,6750.0,16971424264.6216,30839168550.1687,758.984551495017,4569087.0,6020.0,17.8299999237061,,75.595,72.263,,75.4670028686523,68.6750030517578,,,,,92.30799999999999,126.51299999999999,8.64734863783412,755000000.0,606000.0,,8.43813641509338,245000000.0,05/03/2020,Full,3.89,3.33,0.14,7.78,4.38,3.82,Authoritarian,5.89,3.53,18.72,24.41,53.33
159,PYF,Oceania,French Polynesia,2020-06-23,60.0,0.0,213.59599999999998,4.593,,,,22.63,,,,,,,,,,,,,75.8685792349727,277679.0,4000.0,,,79.725,75.40100000000001,,86.8239974975586,80.677001953125,,,,,66.154,112.85700000000001,,,216300.0,47000.0,,,,,,,,,,,,,,,,
160,QAT,Asia,Qatar,2020-06-23,88403.0,99.0,30684.193,0.617,116935.6,,176.69,16.52,0.8,26.9,,24.85,41.2,2.6546889543533316,1.49333999292831,-0.5846691334430429,61150.0,94910.0,170097430243.3,264009164711.453,239.59319552110298,2781677.0,11610.0,,,81.876,78.98100000000001,9.8,99.6019973754883,99.5759963989258,,10.4,11.6,4.8,31.873,41.498000000000005,17.860239113011,11754000000.0,1819300.0,,14.8584760608804,15239000000.0,11/03/2020,Full,3.19,0.0,4.29,2.22,5.63,3.82,Authoritarian,,,,,
161,ROU,Europe,Romania,2020-06-23,24291.0,1523.0,1262.678,11.69,23313.199,5.7,370.94599999999997,9.74,22.9,37.1,,29.81,45.8,5.063401088118554,3.9538105416595095,4.6018268332256,11300.0,28350.0,219905931423.429,551882049242.2839,84.60598487482609,19466145.0,238400.0,30.059999465942397,,79.2,71.8,20.7,76.0920028686523,73.7720031738281,,8.080000000000002,13.22,3.88,73.319,171.82,4.68378784248232,5088000000.0,11720000.0,21039000.0,3.2253423828987002,3261000000.0,25/03/2020,Full,6.49,9.17,5.71,5.56,4.38,7.65,Flawed democracy,2.67,25.99,48.45,20.5,5.05
162,RUS,Europe,Russia,2020-06-23,592280.0,8206.0,4058.534,9.392999999999999,24765.953999999998,0.1,431.29699999999997,6.18,23.4,58.3,,37.49,44.3,5.236444249749185,2.25480434572114,2.26174479438679,10230.0,27840.0,1501658920484.16,4088434216693.13,8.82207955488442,144478050.0,17098250.0,39.75,,77.81,67.75,15.8,94.23400115966801,92.18199920654301,,,,,,,11.295195961647902,38791000000.0,24551000.0,41964000.0,3.6762050568671696,18670000000.0,27/03/2020,Full,3.11,2.17,1.79,5.0,2.5,4.12,Authoritarian,2.58,25.69,51.04,19.84,3.43
163,RWA,Africa,Rwanda,2020-06-23,787.0,2.0,60.762,1.642,1854.211,56.0,191.375,4.28,4.7,21.0,4.617,1.34,34.2,6.702383309602737,8.606705998283191,5.772764955423139,780.0,2070.0,9646119798.09079,25458784039.9078,498.659870287799,12301939.0,26340.0,33.220001220703104,,70.78399999999999,66.518,61.3,22.2910003662109,41.691001892089794,,6.314285714285715,46.31111111111111,15.888888888888891,161.59,216.342,11.993097895119199,377000000.0,,,25.849287063411303,528000000.0,16/03/2020,Full,3.16,1.42,4.29,2.78,4.38,2.94,Authoritarian,4.26,8.15,30.76,34.88,26.2
164,SAU,Asia,Saudi Arabia,2020-06-23,161005.0,1307.0,4624.738,1.845,49045.41099999999,,259.538,17.72,1.8,25.4,,26.12,49.3,5.351573154330252,2.43411077754232,0.607923521071328,21600.0,49200.0,727799865031.351,1657940355932.87,15.6766543082956,33699947.0,2149690.0,,,76.615,73.79899999999999,19.9,98.63800048828129,94.61599731445308,,3.65,15.35,9.4,76.148,91.87200000000001,8.56023595709856,17932000000.0,15334000.0,21866000.0,5.4053725409928095,16975000000.0,15/03/2020,Full,1.93,0.0,2.86,2.22,3.13,1.47,Authoritarian,,,,,
165,SDN,Africa,Sudan,2020-06-23,8698.0,533.0,198.361,2.0340000000000003,4466.5070000000005,,431.38800000000003,15.67,,,23.436999999999998,2.62,26.2,6.51386149227619,-2.32082732082732,-4.62984322829847,1560.0,4430.0,65214050620.6498,165499750224.311,,41801533.0,,,,66.947,63.277,30.5,33.5069999694824,48.140998840332,,,,,187.141,244.878,0.15781844189836802,13000000.0,836000.0,,20.8779243729127,1043000000.0,,None,2.7,0.0,1.79,5.56,5.0,1.18,Authoritarian,5.59,5.06,20.66,26.8,47.48
166,SEN,Africa,Senegal,2020-06-23,5970.0,86.0,356.54699999999997,1.796,2470.58,38.0,241.21900000000002,2.42,0.4,16.6,20.859,0.69,37.9,4.312078282237052,6.76629382353322,3.83706200836902,1410.0,3330.0,22388448961.1614,52818303286.8483,82.3474783150678,15854360.0,196710.0,,,69.627,65.501,41.8,27.0690002441406,39.082000732421896,,2.115384615384615,22.735714285714288,16.3,144.704,216.045,,,,,,,24/03/2020,Partial,5.81,6.08,6.07,4.44,6.25,6.18,Hybrid regime,8.66,6.92,11.47,15.48,66.13
167,SGP,Asia,Singapore,2020-06-23,42313.0,26.0,7232.566999999999,7.0489999999999995,85535.383,,92.243,10.99,5.2,28.3,,22.94,58.7,4.1346968710422525,3.13946454303462,2.6561500075620295,58770.0,92150.0,331373275388.734,519598224551.591,7952.9984184018,5638676.0,719.0000152587891,,,85.4,81.0,23.0,90.8629989624023,82.4739990234375,,2.6,4.4,3.3,34.939,59.839,4.550200571206151,25346000000.0,14673000.0,9889000.0,3.07876287879111,20416000000.0,26/03/2020,Partial,6.02,3.92,7.86,5.0,6.25,7.06,Flawed democracy,3.29,12.21,38.95,37.69,11.15
168,SLE,Africa,Sierra Leone,2020-06-23,1340.0,55.0,167.983,1.285,1390.3,52.2,325.721,2.42,8.8,41.3,19.275,0.25,38.2,16.3310869038105,3.4461626214014305,1.25932772139537,490.0,1580.0,3739206570.46938,12119881127.6983,105.987170961485,7650154.0,72300.0,,,55.106,53.468,12.3,5.19099998474121,17.169000625610398,,6.237500000000002,37.2,20.39,353.346,392.26300000000003,3.77996675695004,61000000.0,57000.0,112000.0,5.16251193191442,39000000.0,,None,4.86,6.58,2.86,3.33,6.25,5.29,Hybrid regime,5.9,4.0,15.87,30.74,49.38
169,SLV,North America,El Salvador,2020-06-23,4808.0,107.0,741.2660000000001,5.417000000000001,7292.4580000000005,2.2,167.295,8.87,2.5,18.8,90.65,15.66,44.2,7.594985663890839,2.53894979803808,2.0179781442372797,3820.0,8320.0,24510577375.7738,53411455432.2197,309.88146718146703,6420744.0,21040.0,35.7400016784668,,77.635,68.229,31.0,54.0379981994629,66.28900146484379,,4.75,26.600000000000005,7.7666666666666675,103.29899999999999,268.447,3.8769047631477602,490000000.0,1677300.0,1260000.0,18.224925487708898,1370000000.0,11/03/2020,Full,6.15,9.17,4.64,6.11,3.75,7.06,Flawed democracy,4.07,8.82,34.09,36.82,20.28
170,SMR,Europe,San Marino,2020-06-23,713.0,42.0,21008.898999999998,,56861.47,,,5.64,,,,61.09,31.1,7.368963062763214,,,,,,,563.083333333333,33785.0,60.0,,,,,26.7,,,,,,,,,,,84000.0,,,,09/03/2020,Full,,,,,,,,,,,,
171,SOM,Africa,Somalia,2020-06-23,2812.0,90.0,176.93099999999998,1.496,,,365.769,6.05,,,9.831,0.23,16.6,,,,,,,,23.923476902477102,15008154.0,637660.0,,,58.791000000000004,55.41,24.4,5.42600011825562,13.4490003585815,,3.85,32.166666666666664,26.03333333333333,269.466,324.793,,,,,,,19/03/2020,Full,,,,,,,,,,,,
172,SRB,Europe,Serbia,2020-06-23,12990.0,262.0,1909.004,,14048.881000000001,,439.415,10.08,37.7,40.2,97.719,31.13,52.3,8.891468495130539,4.39223723899327,4.96414718023301,6390.0,16710.0,44641964405.7233,116678485212.37,79.8376857992225,6982604.0,88360.0,29.7900009155273,,78.1,73.1,34.4,76.1269989013672,68.302001953125,,16.266666666666666,6.9,1.7333333333333334,74.794,141.791,6.16852555527403,1837000000.0,1711000.0,,7.6941704983767,1921000000.0,15/03/2020,Full,6.41,8.25,5.36,6.11,5.0,7.35,Flawed democracy,2.88,22.33,44.81,26.19,6.67
173,SSD,Africa,South Sudan,2020-06-23,1892.0,34.0,169.023,2.032,1569.888,,280.775,10.43,,,,,21.7,,,,,,,,,10975920.0,,,,59.135,56.115,28.5,7.980999946594241,14.8000001907349,,8.45,33.75,30.1,300.89799999999997,350.689,14.3628279932358,513000000.0,,,0.387776007652113,12000000.0,,,,,,,,,,5.95,4.33,15.68,26.87,53.12
174,STP,Africa,Sao Tome and Principe,2020-06-23,702.0,12.0,3203.125,2.162,3052.7140000000004,32.3,270.113,2.42,,,41.34,0.53,17.7,6.501499563455582,2.65769375666697,0.74150891054461,1890.0,4060.0,398917748.232659,857720617.628908,219.820833333333,211028.0,960.0,,,72.583,67.783,18.2,42.5089988708496,53.8429985046387,,,,,124.395,188.24900000000002,8.92802364678821,17600000.0,33400.0,,73.19355970951808,71900000.0,,,,,,,,,,3.84,19.87,27.96,29.93,22.25
175,SUR,South America,Suriname,2020-06-23,319.0,8.0,543.78,4.229,13767.118999999999,,258.314,12.54,7.4,42.9,67.779,12.1,36.5,5.674896091222763,1.9000000000000101,0.9278658867933699,5210.0,14390.0,3000246883.44837,8291311419.53127,3.69225,575991.0,163820.0,,32.7,74.937,68.368,25.5,89.2819976806641,83.8990020751953,,3.633333333333333,11.166666666666664,8.133333333333335,118.443,219.75400000000002,4.93243932748648,104000000.0,,,3.2084253330086,73000000.0,,None,6.98,9.17,6.43,6.67,5.0,7.65,Flawed democracy,3.94,14.97,32.77,31.85,20.41
176,SVK,Europe,Slovakia,2020-06-23,1588.0,28.0,290.862,9.167,30155.152000000002,0.7,287.959,7.29,23.1,37.7,,34.16,47.9,7.024033665657042,4.03370304338463,3.88970762164871,18260.0,31960.0,99471783267.9989,174103398545.603,113.28558652246299,5446771.0,49030.0,30.3700008392334,,80.7,73.8,20.0,90.1439971923828,81.109001159668,,,,,,,2.80815871532977,2823000000.0,2256000.0,,3.27237655592596,3318000000.0,09/03/2020,Full,7.17,9.58,7.14,5.56,5.63,7.94,Flawed democracy,2.8,20.83,47.99,26.99,4.2
177,SVN,Europe,Slovenia,2020-06-23,1521.0,109.0,731.6260000000001,12.93,31400.84,,153.493,7.25,20.1,25.0,,30.86,67.2,8.493027538061142,4.1182178590651395,3.7413850299764104,24500.0,38140.0,50818622425.2578,79094983841.5063,102.96366052404,2073894.0,20675.0,38.220001220703104,,84.0,78.2,24.4,88.0670013427734,82.0260009765625,,,,,,,4.21483334690866,1755000000.0,4425000.0,3188000.0,7.32150137778033,3378000000.0,11/03/2020,Full,7.5,9.58,6.79,6.67,6.25,8.24,Flawed democracy,2.47,32.6,43.69,20.54,3.16
178,SWE,Europe,Sweden,2020-06-23,58932.0,5122.0,5835.273,13.433,46949.282999999996,0.5,133.982,4.79,18.8,18.9,,39.84,72.1,11.04345306754112,2.22523861239767,1.04461468244648,55540.0,54640.0,565106540174.312,556004493507.453,24.981498121823698,10175214.0,447430.0,39.3499984741211,,84.1,81.0,46.1,94.4250030517578,86.7310028076172,,,,,38.431,62.062,7.42430835750222,18056000000.0,7440000.0,,5.91079200526395,14926000000.0,,None,9.39,9.58,9.64,8.33,10.0,9.41,Full democracy,,,,,
179,SWZ,Africa,Swaziland,2020-06-23,643.0,6.0,554.232,1.845,7738.975,,333.436,3.94,1.7,16.5,24.096999999999998,3.29,31.1,7.1448290348053,2.35100982006338,1.32064533880811,3930.0,8820.0,4459563360.10043,10016336896.4639,66.05761627906979,1136191.0,17360.0,,,63.968,55.284,7.2,58.6640014648438,70.7300033569336,,,,,309.883,479.936,2.08039961827122,43000000.0,782000.0,1717000.0,0.8634572163239258,16400000.0,,,3.14,0.92,2.86,2.78,5.63,3.53,Authoritarian,4.74,17.65,24.63,21.6,36.12
180,SXM,North America,Sint Maarten (Dutch part),2020-06-23,77.0,15.0,1795.625,,36327.232,,,,,,,,,,,,,,,,,40654.0,,,,,,,,,,,,,,,8.51334640872217,105000000.0,178000.0,,57.798506947798394,468000000.0,,,,,,,,,,2.58,29.18,46.32,20.18,4.31
181,SYC,Africa,Seychelles,2020-06-23,11.0,0.0,111.85700000000001,5.586,26382.287,1.1,242.648,10.55,7.1,35.7,,21.21,31.9,4.803862646222114,3.6273515827419196,2.64314769997245,15600.0,26920.0,1509179623.27506,2604440203.21612,210.35217391304298,96762.0,460.0,,,77.4,68.5,21.2,,,,8.0,7.800000000000002,4.3,97.723,201.609,5.49025352034366,102000000.0,362000.0,72000.0,36.40423070761621,611000000.0,,None,,,,,,,,3.78,14.32,34.9,33.81,16.97
182,SYR,Asia,Syria,2020-06-23,219.0,7.0,12.514000000000001,2.577,,,376.264,,,,70.598,12.87,19.9,,,,,,,,92.0671077710614,16906283.0,185180.0,,,77.763,66.578,13.2,83.6859970092773,59.4189987182617,,,,,73.258,237.292,,,,,,,14/03/2020,Full,1.43,0.0,0.0,2.78,4.38,0.0,Authoritarian,,,,,
183,TCA,North America,Turks and Caicos Islands,2020-06-23,14.0,1.0,361.589,,,,,,,,,,,,5.28208549380973,3.74471268028005,26740.0,26230.0,1007020879.68285,988087907.867948,39.647368421052605,37665.0,950.0,,,,,,,,,,,,,,0.7717488281836221,4200000.0,441000.0,,95.18352166661471,787000000.0,,,,,,,,,,,,,,
184,TCD,Africa,Chad,2020-06-23,858.0,74.0,52.235,1.446,1768.1529999999998,38.4,280.995,6.1,,,5.818,0.43,28.8,4.461597949266435,2.6413300339927996,-0.415664166030837,670.0,1590.0,10439631781.5373,24605099389.846,12.2917336404066,15477751.0,1284000.0,,13.1,55.4,52.577,15.3,1.08500003814697,11.463000297546401,,3.0400000000000005,41.26000000000001,31.4,335.37800000000004,377.60699999999997,,,,,,,,None,1.61,0.0,0.0,1.67,3.75,2.65,Authoritarian,5.78,7.73,18.49,25.67,48.11
185,TGO,Africa,Togo,2020-06-23,569.0,13.0,68.73,1.525,1429.8129999999999,49.2,280.033,6.15,0.9,14.2,10.475,0.77,32.5,6.336215957999232,4.91014753954207,2.3752725065103997,660.0,1600.0,5186946777.21846,12592099155.8862,145.04677330391598,7889094.0,56790.0,,,61.611999999999995,59.891999999999996,17.6,11.102999687194801,23.1340007781982,,2.3999999999999995,30.922222222222228,18.933333333333326,244.396,277.736,,,573000.0,,,,20/03/2020,Partial,3.3,3.17,1.79,3.33,5.0,3.24,Authoritarian,4.55,15.65,26.22,27.69,30.45
186,THA,Asia,Thailand,2020-06-23,3151.0,58.0,45.143,6.89,16277.671,0.1,109.861,7.04,1.9,38.8,90.67,8.05,73.2,3.6629690229892717,4.1292261026005095,3.8012698096660698,6610.0,17650.0,458654995738.984,1225550606884.32,135.897206835131,69428524.0,513120.0,30.8700008392334,,80.704,73.22800000000001,5.3,48.4000015258789,48.645999908447294,,6.619999999999999,17.733333333333334,12.466666666666667,77.992,186.85299999999998,5.17345477997521,14675000000.0,38178000.0,9966000.0,19.8556368013451,65242000000.0,22/03/2020,Full,6.32,7.42,5.36,6.11,6.25,6.47,Flawed democracy,3.69,8.7,38.2,41.67,11.43
187,TJK,Asia,Tajikistan,2020-06-23,5513.0,52.0,578.025,2.155,2896.913,4.8,427.69800000000004,7.11,,,72.704,21.03,32.3,6.867642551660538,7.30000028747864,4.6994643407949805,1010.0,3890.0,9202464384.49077,35412505893.5061,65.57271417249079,9100837.0,141380.0,,,73.17699999999999,68.727,19.0,52.6949996948242,59.226001739502,,6.116666666666666,33.77272727272727,10.933333333333332,96.277,164.528,0.7512239138049219,24200000.0,1035000.0,31000.0,15.3100709612741,170900000.0,,,1.93,0.08,0.79,1.67,6.25,0.88,Authoritarian,5.99,2.88,15.1,29.85,52.18
188,TLS,Asia,Timor,2020-06-23,24.0,0.0,18.203,1.8969999999999998,6570.102,30.3,335.346,6.86,6.3,78.1,28.178,,26.0,3.0946988984942445,-0.77985783563804,-2.7135195671459704,1810.0,4520.0,2296624623.59089,5734436613.7313795,85.270477471419,1267972.0,14870.0,,,71.376,67.279,33.8,19.787000656127898,40.247001647949205,,,,,117.478,168.862,12.361705360927598,131000000.0,75000.0,,64.0015153353887,78000000.0,,,7.19,9.58,6.29,5.56,6.88,7.65,Flawed democracy,5.27,6.41,20.61,29.59,43.4
189,TTO,North America,Trinidad and Tobago,2020-06-23,123.0,8.0,87.889,5.819,28763.071,,228.467,10.97,,,89.443,41.68,36.6,6.031748205423354,-0.24521369718311803,-0.660494390281343,15950.0,26050.0,22171395213.221,36200253012.3215,270.927485380117,1389858.0,5130.0,,,76.092,70.751,31.0,84.11900329589841,70.9710006713867,,,,,108.616,186.33599999999998,1.6228151775821498,149000000.0,375000.0,,4.77367392770904,541000000.0,13/03/2020,Full,7.16,9.58,7.14,6.11,5.63,7.35,Flawed democracy,3.29,19.21,39.79,29.36,11.64
190,TUN,Africa,Tunisia,2020-06-23,1159.0,50.0,98.066,5.075,10849.296999999999,2.0,318.991,8.52,1.1,65.8,78.687,13.03,33.7,6.980008780956268,2.48282683815427,1.31525212464101,3500.0,10630.0,40452512429.6335,122939517212.47699,74.44132337796091,11565204.0,163610.0,,,78.536,74.493,31.3,82.4169998168945,69.78900146484379,,9.080000000000002,12.45,3.65,67.321,106.66799999999999,3.8700854753252596,954000000.0,8299000.0,2515000.0,11.9476441556252,2320000000.0,20/03/2020,Full,6.72,9.17,5.71,7.22,5.63,5.88,Flawed democracy,,,,,
191,TUR,Asia,Turkey,2020-06-23,188897.0,4974.0,2239.7329999999997,5.061,25129.341,0.2,171.285,12.13,14.1,41.1,,18.49,52.4,4.284106940031052,2.82677612033162,1.30556428516834,10420.0,27710.0,858100673564.328,2280970730469.15,106.960128893104,82319724.0,785350.0,16.3299999237061,,80.336,74.447,17.4,65.5110015869141,69.1559982299805,,7.75,14.35,4.842857142857143,62.33,119.23700000000001,2.01651010072454,4993000000.0,45768000.0,8383000.0,15.6095018744851,37140000000.0,23/03/2020,Full,4.09,3.08,5.0,5.0,5.0,2.35,Hybrid regime,4.07,6.37,36.23,39.03,18.36
192,TWN,Asia,Taiwan,2020-06-23,446.0,7.0,18.726,8.353,,,103.95700000000001,,,,,,,,,,,,,,,,,,,,,,,,,,,,,,,,,,,,,,7.73,9.58,8.21,6.11,5.63,9.12,Flawed democracy,,,,,
193,TZA,Africa,Tanzania,2020-06-23,509.0,21.0,8.521,1.874,2683.304,49.1,217.28799999999998,5.75,3.3,26.7,47.953,0.14,36.4,3.9839930087327935,5.4449676318963895,2.35283922112663,1020.0,3140.0,55700775927.9572,140557029881.932,63.579078798825904,56318348.0,947300.0,,,66.824,63.17,37.2,10.0480003356934,18.2250003814697,,,,,193.172,249.798,8.27664312087966,818000000.0,1378000.0,,29.365314733999,2465000000.0,,None,5.16,5.75,5.0,5.0,5.63,4.41,Hybrid regime,4.85,9.63,25.77,29.99,34.6
194,UGA,Africa,Uganda,2020-06-23,774.0,0.0,16.921,1.308,1697.707,41.6,213.333,2.5,3.4,16.7,21.221999999999998,1.68,44.3,6.642394885420802,6.152354912769951,2.27461502218904,620.0,1780.0,26688331084.7713,76007451172.5087,213.06173449032502,42723139.0,241550.0,,,65.173,60.655,34.3,14.8339996337891,27.8129997253418,,4.277777777777779,38.333333333333336,15.533333333333335,233.267,302.371,3.86320475774774,334000000.0,,,18.5356229294938,1044000000.0,18/03/2020,Full,5.02,4.33,3.57,4.44,6.88,5.88,Hybrid regime,4.53,13.68,25.3,28.75,32.26
195,UKR,Europe,Ukraine,2020-06-23,37241.0,1012.0,851.539,11.133,7894.393,0.1,539.849,7.11,13.5,47.4,,29.92,38.0,6.937526315450666,3.33548930910057,3.86273257167309,2660.0,9030.0,112497730744.996,521347840911.43396,77.02966735141291,44622516.0,603550.0,,,76.72,66.69,12.3,86.2910003662109,82.2229995727539,,26.5,22.9,4.1,,,11.7542764744263,8287000000.0,14104000.0,27811000.0,3.8369831740931803,2269000000.0,17/03/2020,Full,5.9,7.42,2.71,6.67,6.25,6.47,Hybrid regime,2.46,27.9,51.22,18.07,2.81
196,URY,South America,Uruguay,2020-06-23,882.0,25.0,253.90599999999998,10.360999999999999,20551.409,0.1,160.708,6.93,14.0,19.9,,50.79,41.3,9.010100215673447,1.6200836289293101,1.2473125475713798,15650.0,20590.0,53972904752.5031,71008447351.8358,19.7080276539824,3449299.0,176220.0,37.27000045776371,,81.359,73.958,20.2,75.754997253418,68.6490020751953,,9.166666666666666,14.242857142857144,5.128571428571429,76.015,139.322,9.963400418400632,1309000000.0,3469000.0,1947000.0,14.874530224251899,2439000000.0,16/03/2020,Full,8.38,10.0,8.57,6.11,7.5,9.71,Full democracy,2.78,23.52,47.68,23.37,5.43
197,USA,North America,United States,2020-06-23,2312302.0,120402.0,6985.751,9.732000000000001,54225.445999999996,1.2,151.089,10.79,19.1,24.6,,26.12,83.5,16.7955181002617,2.9273227282108505,2.39109654413916,63170.0,63780.0,20636317813893.1,20837347000000.0,35.7136220923495,326687501.0,9831510.0,40.470001220703104,,81.1,76.1,19.6,94.8310012817383,92.7689971923828,,,,,,,5.960641637946019,186508000000.0,79745920.0,92564000.0,10.24045448276,256145000000.0,,,7.96,9.17,7.14,7.78,7.5,8.24,Flawed democracy,2.49,27.89,49.49,18.81,3.81
198,UZB,Asia,Uzbekistan,2020-06-23,6500.0,19.0,194.208,2.873,6253.104,,724.4169999999999,7.57,1.3,24.7,,23.74,34.3,6.109860241413116,5.12211811333442,3.31412256339001,2020.0,7110.0,66508646229.7207,234213281501.96,77.46920545369059,32955400.0,447400.0,,,73.676,69.445,16.0,54.2760009765625,57.7249984741211,,10.925,23.7,7.0,100.911,169.704,11.6108708806334,2722000000.0,5346000.0,,9.295983287580471,1314000000.0,20/03/2020,Partial,2.01,0.08,1.86,2.22,5.0,0.88,Authoritarian,5.24,5.26,18.9,33.62,42.22
199,VAT,Europe,Vatican,2020-06-23,12.0,0.0,14833.127,,,,,,,,,,,,,,,,,,,,,,,,,,,,,,,,,,,,,,,,,,,,,,,,,,,,,
200,VCT,North America,Saint Vincent and the Grenadines,2020-06-23,29.0,0.0,261.38599999999997,4.832,10727.146,,252.675,11.62,,,,6.65,33.0,4.414735585451125,2.16312894408262,1.80809329953506,7340.0,12640.0,808595290.197451,1393193263.31744,282.589743589744,110210.0,390.0,,,75.007,70.182,13.0,78.963996887207,71.4240036010742,,,,,125.132,206.87900000000002,10.644125068079301,48000000.0,80000.0,,76.27016850800109,241000000.0,,None,,,,,,,,,,,,
201,VEN,South America,Venezuela,2020-06-23,4048.0,35.0,142.355,3.915,16745.022,,204.85,6.47,,,,19.48,23.0,4.179559778422118,,,,,,,32.7307919052208,28870195.0,912050.0,,,76.074,68.398,22.2,63.4160003662109,60.784000396728494,,,,,94.804,206.678,,,,,,,16/03/2020,Full,2.88,0.0,1.79,5.0,4.38,3.24,Authoritarian,4.33,7.56,29.11,36.87,26.46
202,VGB,North America,British Virgin Islands,2020-06-23,8.0,1.0,264.577,,,,,13.67,,,,,,,,,,,,,198.68,29802.0,150.0,,,,,,,,,,,,,,,,192000.0,,,,,,,,,,,,,,,,,
203,VIR,North America,United States Virgin Islands,2020-06-23,76.0,6.0,727.809,10.799000000000001,,,273.67,12.26,,,,,,,,,,,,,305.648571428571,106977.0,350.0,,,83.0,76.3,,91.24099731445308,83.1549987792969,,,,,41.141000000000005,70.17699999999999,,,381000.0,,,1046000000.0,,,,,,,,,,,,,,
204,VNM,Asia,Vietnam,2020-06-23,349.0,0.0,3.585,4.718,6171.884,2.0,245.465,6.0,1.0,45.9,85.84700000000001,8.28,49.1,5.79242520034313,7.07578861674985,6.018088397544941,2360.0,7230.0,225881796340.297,690514332784.339,308.12524591221296,95540395.0,331230.0,,,79.442,71.207,26.7,38.004001617431605,48.306999206543,,,,,76.363,188.583,2.40608364448114,5910000000.0,15498000.0,,3.89960829827361,10080000000.0,19/03/2020,Full,3.08,0.0,3.21,3.89,5.63,2.65,Authoritarian,3.78,7.28,36.25,43.44,13.02
205,YEM,Asia,Yemen,2020-06-23,967.0,257.0,32.421,1.5830000000000002,1479.1470000000002,18.8,495.00300000000004,5.35,7.6,29.2,49.542,5.25,18.5,,-2.7014748649632,-4.968006747196821,,,,,53.9778529083092,28498687.0,527970.0,,,67.795,64.418,0.0,30.2900009155273,48.4889984130859,,4.842857142857143,51.9,37.785714285714285,174.558,219.74900000000002,,,,,,,,,1.95,0.0,0.0,3.89,5.0,0.88,Authoritarian,6.67,1.87,14.68,23.66,59.79
206,ZAF,Africa,South Africa,2020-06-23,101590.0,1991.0,1712.902,3.053,12294.876,18.9,200.38,5.52,8.1,33.2,43.993,9.05,54.8,8.012191653251648,0.7870555704950991,-0.5720801967122211,5750.0,12530.0,332317844014.903,723949363579.479,47.630119776768396,57779622.0,1219090.0,33.9300003051758,,67.398,60.463,42.3,87.46399688720699,82.0459976196289,,13.614285714285714,29.07142857142857,9.714285714285717,248.81599999999997,376.404,5.82867789187758,6348000000.0,10472000.0,,8.8935754524209,9789000000.0,26/03/2020,Full,7.24,7.42,7.5,8.33,5.0,7.94,Flawed democracy,3.36,23.84,36.32,24.66,15.17
207,ZMB,Africa,Zambia,2020-06-23,1430.0,11.0,77.785,1.5419999999999998,3689.2509999999997,57.5,234.49900000000002,3.94,3.1,24.7,13.937999999999999,11.87,28.7,4.380560666322708,3.79490091669091,0.8151694986741089,1430.0,3500.0,24769379600.8785,60656072051.6821,23.341478900711603,17351822.0,752610.0,,,66.447,60.533,18.0,11.6990003585815,30.4810009002686,,7.2285714285714295,48.1375,17.885714285714286,221.57299999999998,321.143,4.6894811701325,478000000.0,1072000.0,,7.43292857488829,742000000.0,,None,5.09,4.75,2.93,4.44,6.88,6.47,Hybrid regime,5.13,7.17,21.41,30.06,41.35
208,ZWE,Africa,Zimbabwe,2020-06-23,512.0,6.0,34.448,1.882,1899.775,21.4,307.846,1.82,1.6,30.7,36.791,2.1,38.2,7.23239406943321,6.15918979848757,4.6720292590305705,1790.0,3350.0,25806087217.628,48311435971.9623,37.3245909267158,14439018.0,390760.0,,,62.598,59.501000000000005,31.5,25.2950000762939,44.826999664306605,,5.788888888888889,30.45555555555555,10.71,337.702,373.207,,,2580000.0,2987000.0,,,27/03/2020,Full,3.16,0.0,2.5,4.44,5.63,3.24,Authoritarian,4.08,12.37,31.14,33.76,22.72
